tag_num,sex,dob,calf_birth_weight,calf_wean_weight,wean_date,cow_weight,year,wean_age,calf_weight_gained,calf_weight_gained_per_day,weight_gained_as_perc_of_cow,weight_gained_as_perc_of_cow_per_day,id
405,NA,NA,NA,357,2019-10-10,1080,2019,NA,NA,NA,NA,NA,405_2019
502,H,2019-04-08,61,535,2019-10-10,1310,2019,185,474,2.562162162162162,0.3618320610687023,0.0019558489787497423,502_2019
503,H,2019-04-25,69,484,2019-10-10,1355,2019,168,415,2.4702380952380953,0.3062730627306273,0.0018230539448251626,503_2019
504,S,2019-04-29,84,574,2019-10-10,1295,2019,164,490,2.9878048780487805,0.3783783783783784,0.0023071852340145024,504_2019
514,S,2019-03-15,75,630,2019-10-10,1365,2019,209,555,2.6555023923444976,0.4065934065934066,0.001945422998054577,514_2019
515,H,2019-03-29,66,532,2019-10-10,1415,2019,195,466,2.3897435897435897,0.32932862190812723,0.0016888647277339857,515_2019
683,B,2019-05-14,67,451,2019-10-10,1065,2019,149,384,2.577181208053691,0.36056338028169016,0.002419888458266377,683_2019
795,H,2019-05-12,60,374,2019-10-10,924,2019,151,314,2.0794701986754967,0.3398268398268398,0.0022505088730254293,795_2019
1003,H,2019-03-27,58,500,2019-10-10,1680,2019,197,442,2.2436548223350252,0.2630952380952381,0.0013355088228184674,1003_2019
1006,S,2019-04-24,72,570,2019-10-10,1545,2019,169,498,2.9467455621301775,0.32233009708737864,0.001907278680990406,1006_2019
1011,B,2019-03-17,69,586,2019-10-10,1595,2019,207,517,2.497584541062802,0.32413793103448274,0.0015658837248042645,1011_2019
2023,S,2019-04-03,74,586,2019-10-10,1800,2019,190,512,2.694736842105263,0.28444444444444444,0.001497076023391813,2023_2019
2027,S,2019-03-14,60,680,2019-10-10,1465,2019,210,620,2.9523809523809526,0.4232081911262799,0.0020152771006013326,2027_2019
2031,S,2019-03-12,81,748,2019-10-10,1675,2019,212,667,3.1462264150943398,0.3982089552238806,0.0018783441284145313,2031_2019
2032,S,2019-03-26,71,748,2019-10-10,1675,2019,198,677,3.419191919191919,0.40417910447761196,0.0020413086084727877,2032_2019
3035,H,2019-03-13,77,690,2019-10-10,1385,2019,211,613,2.90521327014218,0.44259927797833937,0.0020976269098499497,3035_2019
3036,S,2019-04-02,77,632,2019-10-10,1650,2019,191,555,2.905759162303665,0.33636363636363636,0.0017610661589719182,3036_2019
3037,H,2019-03-09,65,664,2019-10-10,1615,2019,215,599,2.786046511627907,0.37089783281733746,0.0017251061991504068,3037_2019
3038,B,2019-03-14,80,686,2019-10-10,1775,2019,210,606,2.8857142857142857,0.3414084507042254,0.001625754527162978,3038_2019
3040,H,2019-03-31,60,574,2019-10-10,1415,2019,193,514,2.6632124352331608,0.36325088339222616,0.0018821289294933998,3040_2019
3041,H,2019-03-28,55,594,2019-10-10,1625,2019,196,539,2.75,0.3316923076923077,0.0016923076923076922,3041_2019
3043,H,2019-03-13,70,632,2019-10-10,1555,2019,211,562,2.6635071090047395,0.3614147909967846,0.0017128663080416332,3043_2019
3045,H,2019-03-22,65,606,2019-10-10,1455,2019,202,541,2.6782178217821784,0.3718213058419244,0.0018406995338709129,3045_2019
3047,S,2019-04-02,72,588,2019-10-10,1440,2019,191,516,2.701570680628272,0.35833333333333334,0.0018760907504363,3047_2019
3054,H,2019-03-19,70,600,2019-10-10,1425,2019,205,530,2.5853658536585367,0.3719298245614035,0.0018142918271287975,3054_2019
3066,S,2019-03-23,55,550,2019-10-10,1405,2019,201,495,2.462686567164179,0.35231316725978645,0.0017528018271631167,3066_2019
3067,H,2019-03-29,74,676,2019-10-10,1600,2019,195,602,3.0871794871794873,0.37625,0.0019294871794871794,3067_2019
3070,S,2019-04-06,81,634,2019-10-10,1380,2019,187,553,2.9572192513368982,0.4007246376811594,0.0021429125009687668,3070_2019
3072,NA,NA,NA,NA,2019-10-10,NA,2019,NA,NA,NA,NA,NA,3072_2019
4022,S,2019-03-19,75,744,2019-10-10,1325,2019,205,669,3.2634146341463413,0.5049056603773585,0.0024629544408651637,4022_2019
4095,H,2019-03-29,77,640,2019-10-10,1480,2019,195,563,2.887179487179487,0.3804054054054054,0.0019507969507969508,4095_2019
4097,S,2019-03-15,78,774,2019-10-10,1485,2019,209,696,3.3301435406698565,0.4686868686868687,0.002242520902807984,4097_2019
4098,H,2019-04-01,62,570,2019-10-10,1385,2019,192,508,2.6458333333333335,0.3667870036101083,0.0019103489771359807,4098_2019
4101,S,2019-04-01,78,620,2019-10-10,1485,2019,192,542,2.8229166666666665,0.36498316498316496,0.0019009539842873176,4101_2019
4106,B,2019-03-11,78,804,2019-10-10,1410,2019,213,726,3.408450704225352,0.5148936170212766,0.002417340924982519,4106_2019
4107,S,2019-03-07,70,696,2019-10-10,1440,2019,217,626,2.8847926267281108,0.43472222222222223,0.002003328213005632,4107_2019
4111,NA,NA,NA,NA,2019-10-10,NA,2019,NA,NA,NA,NA,NA,4111_2019
4113,H,2019-03-10,71,620,2019-10-10,1330,2019,214,549,2.5654205607476634,0.41278195488721803,0.0019288876396598973,4113_2019
4115,S,2019-04-01,74,608,2019-10-10,1345,2019,192,534,2.78125,0.3970260223048327,0.0020678438661710036,4115_2019
4116,S,2019-03-16,75,636,2019-10-10,1595,2019,208,561,2.6971153846153846,0.35172413793103446,0.0016909814323607425,4116_2019
4232,H,2019-03-28,69,568,2019-10-10,1550,2019,196,499,2.545918367346939,0.32193548387096776,0.001642527978933509,4232_2019
4434,S,2019-03-25,65,590,2019-10-10,1680,2019,199,525,2.6381909547738696,0.3125,0.00157035175879397,4434_2019
4439,S,2019-04-16,91,626,2019-10-10,1625,2019,177,535,3.022598870056497,0.3292307692307692,0.0018600608431116905,4439_2019
4446,S,2019-03-14,80,614,2019-10-10,1480,2019,210,534,2.5428571428571427,0.3608108108108108,0.0017181467181467181,4446_2019
4642,S,2019-05-05,73,636,2019-10-10,1635,2019,158,563,3.5632911392405062,0.3443425076452599,0.002179382959780126,4642_2019
4678,S,2019-03-31,85,618,2019-10-10,1560,2019,193,533,2.761658031088083,0.3416666666666667,0.001770293609671848,4678_2019
4708,H,2019-03-28,72,640,2019-10-10,1309,2019,196,568,2.8979591836734695,0.43391902215431627,0.0022138725620118177,4708_2019
5021,S,2019-04-01,70,610,2019-10-10,1285,2019,192,540,2.8125,0.42023346303501946,0.002188715953307393,5021_2019
5067,H,2019-03-29,67,636,2019-10-10,1395,2019,195,569,2.917948717948718,0.4078853046594982,0.0020917195110743496,5067_2019
5120,H,2019-04-27,70,442,2019-10-10,NA,2019,166,372,2.2409638554216866,NA,NA,5120_2019
5122,S,2019-03-12,72,592,2019-10-10,1530,2019,212,520,2.452830188679245,0.33986928104575165,0.0016031569860648662,5122_2019
5123,S,2019-03-28,78,604,2019-10-10,1430,2019,196,526,2.683673469387755,0.3678321678321678,0.0018766947338375909,5123_2019
5125,S,2019-03-15,60,622,2019-10-10,1260,2019,209,562,2.688995215311005,0.44603174603174606,0.0021341231867547657,5125_2019
5126,S,2019-03-14,60,580,2019-10-10,1510,2019,210,520,2.4761904761904763,0.3443708609271523,0.0016398612425102491,5126_2019
5129,H,2019-04-06,72,528,2019-10-10,1250,2019,187,456,2.4385026737967914,0.3648,0.0019508021390374332,5129_2019
5132,H,2019-03-11,83,752,2019-10-10,1680,2019,213,669,3.140845070422535,0.3982142857142857,0.0018695506371562709,5132_2019
5139,H,2019-03-09,76,702,2019-10-10,1410,2019,215,626,2.911627906976744,0.44397163120567373,0.00206498433118918,5139_2019
5140,S,2019-03-26,70,522,2019-10-10,1060,2019,198,452,2.282828282828283,0.42641509433962266,0.0021536115875738517,5140_2019
5141,H,2019-03-24,60,534,2019-10-10,1195,2019,200,474,2.37,0.396652719665272,0.00198326359832636,5141_2019
5148,S,2019-03-12,74,668,2019-10-10,1500,2019,212,594,2.80188679245283,0.396,0.0018679245283018868,5148_2019
5150,S,2019-04-02,71,632,2019-10-10,1265,2019,191,561,2.93717277486911,0.4434782608695652,0.00232187571135898,5150_2019
5151,S,2019-03-12,75,618,2019-10-10,1225,2019,212,543,2.561320754716981,0.44326530612244897,0.0020908740854832498,5151_2019
5155,H,2019-04-26,76,546,2019-10-10,1380,2019,167,470,2.81437125748503,0.34057971014492755,0.002039399461945674,5155_2019
5330,S,2019-03-11,81,708,2019-10-10,1535,2019,213,627,2.943661971830986,0.4084690553745928,0.0019176950956553654,5330_2019
5386,H,2019-03-22,60,600,2019-10-10,1470,2019,202,540,2.6732673267326734,0.3673469387755102,0.0018185492018589614,5386_2019
5430,S,2019-04-14,78,606,2019-10-10,1355,2019,179,528,2.9497206703910615,0.3896678966789668,0.0021769156239048425,5430_2019
5586,S,2019-03-27,76,NA,2019-10-10,1600,2019,197,NA,NA,NA,NA,5586_2019
5715,H,2019-04-08,78,566,2019-10-10,1560,2019,185,488,2.637837837837838,0.3128205128205128,0.001690921690921691,5715_2019
6126,NA,NA,NA,NA,2019-10-10,1245,2019,NA,NA,NA,NA,NA,6126_2019
6148,H,2019-04-10,58,419,2019-10-10,1015,2019,183,361,1.9726775956284153,0.3556650246305419,0.0019435247247570596,6148_2019
6152,H,2019-03-14,60,624,2019-10-10,1230,2019,210,564,2.6857142857142855,0.4585365853658537,0.002183507549361208,6152_2019
6153,H,2019-04-03,66,538,2019-10-10,1355,2019,190,472,2.4842105263157896,0.34833948339483395,0.0018333657020780734,6153_2019
6154,NA,NA,NA,470,2019-10-10,1400,2019,NA,NA,NA,NA,NA,6154_2019
6155,H,2019-03-11,72,548,2019-10-10,1145,2019,213,476,2.2347417840375585,0.41572052401746723,0.0019517395493777803,6155_2019
6156,H,2019-04-01,63,584,2019-10-10,1200,2019,192,521,2.7135416666666665,0.43416666666666665,0.0022612847222222223,6156_2019
6157,H,2019-04-16,70,430,2019-10-10,1295,2019,177,360,2.0338983050847457,0.277992277992278,0.0015705778417642825,6157_2019
6158,S,2019-03-16,90,564,2019-10-10,1255,2019,208,474,2.2788461538461537,0.3776892430278884,0.0018158136684033098,6158_2019
6159,S,2019-03-10,75,564,2019-10-10,1235,2019,214,489,2.2850467289719627,0.39595141700404857,0.0018502402663740586,6159_2019
6161,B,2019-03-12,76,556,2019-10-10,1290,2019,212,480,2.2641509433962264,0.37209302325581395,0.0017551557700745941,6161_2019
6162,H,2019-03-15,55,568,2019-10-10,1135,2019,209,513,2.4545454545454546,0.45198237885462555,0.0021625951141369644,6162_2019
6164,H,2019-04-11,75,542,2019-10-10,NA,2019,182,467,2.565934065934066,NA,NA,6164_2019
6165,S,2019-03-31,73,586,2019-10-10,1310,2019,193,513,2.6580310880829017,0.3916030534351145,0.0020290313649487797,6165_2019
6166,H,2019-03-10,53,422,2019-10-10,1435,2019,214,369,1.7242990654205608,0.2571428571428571,0.0012016021361815753,6166_2019
6167,H,2019-04-19,59,474,2019-10-10,1005,2019,174,415,2.3850574712643677,0.4129353233830846,0.0023731915136958885,6167_2019
6168,H,2019-03-06,66,532,2019-10-10,1330,2019,218,466,2.1376146788990824,0.35037593984962406,0.0016072290818790094,6168_2019
6169,S,2019-03-10,75,566,2019-10-10,1485,2019,214,491,2.294392523364486,0.3306397306397306,0.001545045470279115,6169_2019
6171,S,2019-03-21,79,554,2019-10-10,1250,2019,203,475,2.3399014778325125,0.38,0.00187192118226601,6171_2019
6172,H,2019-04-11,61,542,2019-10-10,1390,2019,182,481,2.642857142857143,0.3460431654676259,0.0019013360739979447,6172_2019
6179,S,2019-03-31,67,510,2019-10-10,1040,2019,193,443,2.295336787564767,0.42596153846153845,0.0022070546034276602,6179_2019
6183,H,2019-03-29,64,464,2019-10-10,1040,2019,195,400,2.051282051282051,0.38461538461538464,0.0019723865877712033,6183_2019
6527,S,2019-03-31,75,626,2019-10-10,1300,2019,193,551,2.854922279792746,0.4238461538461539,0.0021960940613790355,6527_2019
6884,S,2019-04-22,77,534,2019-10-10,1320,2019,171,457,2.672514619883041,0.3462121212121212,0.0020246322877901825,6884_2019
7148,B,2019-05-11,64,339,2019-10-10,906,2019,152,275,1.8092105263157894,0.30353200883002207,0.0019969211107238294,7148_2019
7156,NA,NA,NA,286,2019-10-10,806,2019,NA,NA,NA,NA,NA,7156_2019
7167,H,2019-05-06,58,413,2019-10-10,930,2019,157,355,2.261146496815287,0.3817204301075269,0.002431340319156222,7167_2019
7192,H,2019-03-20,95,614,2019-10-10,1185,2019,204,519,2.5441176470588234,0.4379746835443038,0.002146934723256391,7192_2019
7195,S,2019-03-19,100,542,2019-10-10,1285,2019,205,442,2.15609756097561,0.34396887159533074,0.0016778969346113695,7195_2019
7196,S,2019-03-03,80,NA,2019-10-10,1285,2019,221,NA,NA,NA,NA,7196_2019
7197,S,2019-02-28,73,590,2019-10-10,1225,2019,224,517,2.3080357142857144,0.4220408163265306,0.0018841107871720116,7197_2019
7198,S,2019-03-17,80,560,2019-10-10,1145,2019,207,480,2.318840579710145,0.4192139737991266,0.002025188279222834,7198_2019
7199,B,2019-03-01,74,NA,2019-10-10,1140,2019,223,NA,NA,NA,NA,7199_2019
7200,H,2019-03-17,55,576,2019-10-10,1215,2019,207,521,2.5169082125603865,0.4288065843621399,0.002071529393053816,7200_2019
7201,S,2019-03-15,80,622,2019-10-10,1265,2019,209,542,2.5933014354066986,0.42845849802371544,0.0020500406604005523,7201_2019
7202,S,2019-03-17,55,545,2019-10-10,1000,2019,207,490,2.367149758454106,0.49,0.002367149758454106,7202_2019
7203,S,2019-02-26,76,628,2019-10-10,1210,2019,226,552,2.4424778761061945,0.456198347107438,0.0020185767571125578,7203_2019
7205,H,2019-03-21,55,584,2019-10-10,1115,2019,203,529,2.605911330049261,0.4744394618834081,0.0023371402063222073,7205_2019
7206,B,2019-02-23,72,574,2019-10-10,1110,2019,229,502,2.1921397379912664,0.45225225225225224,0.0019749006648569966,7206_2019
7207,S,2019-02-22,75,588,2019-10-10,1160,2019,230,513,2.2304347826086954,0.44224137931034485,0.0019227886056971514,7207_2019
7209,S,2019-03-16,75,572,2019-10-10,1280,2019,208,497,2.389423076923077,0.38828125,0.001866736778846154,7209_2019
7210,S,2019-03-18,76,530,2019-10-10,1115,2019,206,454,2.203883495145631,0.40717488789237666,0.0019765771256911487,7210_2019
7211,S,2019-03-13,55,568,2019-10-10,1220,2019,211,513,2.4312796208530805,0.4204918032786885,0.00199285214824023,7211_2019
7212,B,2019-02-19,67,586,2019-10-10,1095,2019,233,519,2.227467811158798,0.473972602739726,0.002034217179140455,7212_2019
7214,H,2019-03-14,65,558,2019-10-10,1070,2019,210,493,2.3476190476190477,0.46074766355140184,0.0021940364931019134,7214_2019
7326,H,2019-04-05,78,NA,2019-10-10,1470,2019,188,NA,NA,NA,NA,7326_2019
8306,S,2019-03-14,75,660,2019-10-10,1610,2019,210,585,2.7857142857142856,0.36335403726708076,0.0017302573203194322,8306_2019
8419,H,2019-04-08,84,542,2019-10-10,1495,2019,185,458,2.4756756756756757,0.3063545150501672,0.0016559703516225255,8419_2019
9112,H,2019-04-15,56,534,2019-10-10,1285,2019,178,478,2.6853932584269664,0.3719844357976654,0.0020898002011104796,9112_2019
9366,S,2019-04-10,86,522,2019-10-10,1590,2019,183,436,2.3825136612021858,0.2742138364779874,0.001498436264907035,9366_2019
9400,S,2019-03-28,70,622,2019-10-10,1450,2019,196,552,2.816326530612245,0.38068965517241377,0.0019422941590429273,9400_2019
B864,H,2019-03-15,65,664,2019-10-10,1605,2019,209,599,2.8660287081339715,0.373208722741433,0.0017856876686192966,B864_2019
5136,H,2019-04-06,68,592,2019-10-10,1520,2019,187,524,2.802139037433155,0.3447368421052632,0.0018435125246270758,5136_2019
6154,H,2018-01-30,55,688,2018-10-23,1335,2018,266,633,2.3796992481203008,0.47415730337078654,0.0017825462532736337,6154_2018
6166,H,2018-02-02,65,694,2018-10-23,1290,2018,263,629,2.3916349809885933,0.4875968992248062,0.0018539806054175142,6166_2018
6164,H,2018-02-04,60,638,2018-10-23,1080,2018,261,578,2.21455938697318,0.5351851851851852,0.0020505179509010926,6164_2018
6153,H,2018-02-05,65,668,2018-10-23,1150,2018,260,603,2.3192307692307694,0.5243478260869565,0.002016722408026756,6153_2018
6156,B,2018-02-05,70,664,2018-10-23,1190,2018,260,594,2.2846153846153845,0.4991596638655462,0.0019198448610213317,6156_2018
6158,H,2018-02-06,65,706,2018-10-23,1170,2018,259,641,2.474903474903475,0.5478632478632479,0.0021153021153021154,6158_2018
6152,H,2018-02-06,65,682,2018-10-23,1140,2018,259,617,2.382239382239382,0.5412280701754386,0.002089683668631037,6152_2018
6169,S,2018-02-08,70,688,2018-10-23,1370,2018,257,618,2.404669260700389,0.4510948905109489,0.0017552330370075833,6169_2018
510,H,2018-02-09,75,NA,2018-10-23,NA,2018,256,NA,NA,NA,NA,510_2018
6165,H,2018-02-09,75,622,2018-10-23,1175,2018,256,547,2.13671875,0.465531914893617,0.0018184840425531914,6165_2018
6170,S,2018-02-10,75,NA,2018-10-23,NA,2018,255,NA,NA,NA,NA,6170_2018
3037,S,2018-02-13,80,724,2018-10-23,1595,2018,252,644,2.5555555555555554,0.40376175548589344,0.001602229188436085,3037_2018
2023,S,2018-02-13,75,736,2018-10-23,1750,2018,252,661,2.623015873015873,0.3777142857142857,0.0014988662131519275,2023_2018
6157,B,2018-02-13,75,680,2018-10-23,1185,2018,252,605,2.4007936507936507,0.510548523206751,0.002025986203201393,6157_2018
512,H,2018-02-14,70,610,2018-10-23,1485,2018,251,540,2.151394422310757,0.36363636363636365,0.0014487504527345165,512_2018
5140,H,2018-02-14,70,686,2018-10-23,1160,2018,251,616,2.454183266932271,0.5310344827586206,0.0021156752301140264,5140_2018
6161,B,2018-02-14,75,668,2018-10-23,1260,2018,251,593,2.362549800796813,0.47063492063492063,0.0018750395244419148,6161_2018
3036,S,2018-02-15,70,788,2018-10-23,1540,2018,250,718,2.872,0.4662337662337662,0.001864935064935065,3036_2018
3036,NA,2018-02-15,NA,788,2018-10-23,1540,2018,250,NA,NA,NA,NA,3036_2018
1003,S,2018-02-15,75,702,2018-10-23,1625,2018,250,627,2.508,0.38584615384615384,0.0015433846153846153,1003_2018
6167 BH,H,2018-02-16,NA,NA,2018-10-23,NA,2018,249,NA,NA,NA,NA,6167 BH_2018
3066,B,2018-02-16,75,788,2018-10-23,1330,2018,249,713,2.8634538152610443,0.5360902255639097,0.0021529727934293565,3066_2018
5150,H,2018-02-16,78,712,2018-10-23,1160,2018,249,634,2.5461847389558234,0.5465517241379311,0.002194986843927434,5150_2018
515,H,2018-02-17,70,684,2018-10-23,1365,2018,248,614,2.475806451612903,0.44981684981684983,0.0018137776202292331,515_2018
4434,H,2018-02-17,75,692,2018-10-23,1550,2018,248,617,2.4879032258064515,0.39806451612903226,0.001605098855359001,4434_2018
5148,B,2018-02-17,60,NA,2018-10-23,1535,2018,248,NA,NA,NA,NA,5148_2018
5151,B,2018-02-17,64,638,2018-10-23,1265,2018,248,574,2.314516129032258,0.45375494071146244,0.0018296570189978323,5151_2018
5133,B,2018-02-17,NA,NA,2018-10-23,NA,2018,248,NA,NA,NA,NA,5133_2018
5438,B,2018-02-17,NA,NA,2018-10-23,NA,2018,248,NA,NA,NA,NA,5438_2018
3048,S,2018-02-18,86,NA,2018-10-23,NA,2018,247,NA,NA,NA,NA,3048_2018
5123,S,2018-02-18,74,714,2018-10-23,1305,2018,247,640,2.591093117408907,0.4904214559386973,0.0019855119673631468,5123_2018
5155,S,2018-02-18,72,NA,2018-10-23,1355,2018,247,NA,NA,NA,NA,5155_2018
6160,S,2018-02-19,75,606,2018-10-23,1170,2018,246,531,2.158536585365854,0.45384615384615384,0.0018449030644152595,6160_2018
6168,S,2018-02-18,67,604,2018-10-23,1290,2018,247,537,2.174089068825911,0.41627906976744183,0.0016853403634309386,6168_2018
4111,S,2018-02-19,81,764,2018-10-23,1240,2018,246,683,2.7764227642276422,0.5508064516129032,0.0022390506163126145,4111_2018
7326,H,2018-02-19,80,746,2018-10-23,1550,2018,246,666,2.707317073170732,0.4296774193548387,0.0017466561762391817,7326_2018
1011,S,2018-02-19,97,802,2018-10-23,1420,2018,246,705,2.8658536585365852,0.4964788732394366,0.0020182068017863277,1011_2018
5291,H,2018-02-19,89,718,2018-10-23,1260,2018,246,629,2.5569105691056913,0.4992063492063492,0.002029294102464834,5291_2018
5139,S,2018-02-20,87,722,2018-10-23,1345,2018,245,635,2.5918367346938775,0.4721189591078067,0.001927016159623701,5139_2018
4708,H,2018-02-20,84,726,2018-10-23,1285,2018,245,642,2.620408163265306,0.49961089494163424,0.002039228142618915,4708_2018
4116,H,2018-02-20,94,712,2018-10-23,1430,2018,245,618,2.522448979591837,0.43216783216783217,0.0017639503353789067,4116_2018
5132,S,2018-02-20,89,766,2018-10-23,1615,2018,245,677,2.763265306122449,0.41919504643962846,0.001711000189549504,5132_2018
5122,B,2018-02-21,90,660,2018-10-23,1465,2018,244,570,2.3360655737704916,0.3890784982935154,0.0015945840093996532,5122_2018
6884,H,2018-02-21,85,710,2018-10-23,1410,2018,244,625,2.5614754098360657,0.4432624113475177,0.0018166492268340889,6884_2018
3070,B,2018-02-21,87,768,2018-10-23,1248,2018,244,681,2.790983606557377,0.5456730769230769,0.0022363650693568724,3070_2018
4439,H,2018-02-21,87,646,2018-10-23,1560,2018,244,559,2.290983606557377,0.35833333333333334,0.0014685792349726776,4439_2018
3054,H,2018-02-21,79,710,2018-10-23,1570,2018,244,631,2.5860655737704916,0.40191082802547773,0.0016471755246945808,3054_2018
504,S,2018-02-22,83,730,2018-10-23,1060,2018,243,647,2.662551440329218,0.6103773584905661,0.002511840981442659,504_2018
5067,S,2018-02-22,92,782,2018-10-23,1335,2018,243,690,2.8395061728395063,0.5168539325842697,0.002126970915984649,5067_2018
4106,H,2018-02-22,85,736,2018-10-23,1445,2018,243,651,2.6790123456790123,0.45051903114186853,0.0018539877824768252,4106_2018
503,S,2018-02-22,80,646,2018-10-23,1345,2018,243,566,2.3292181069958846,0.420817843866171,0.0017317606743463827,503_2018
5129,B,2018-02-23,83,684,2018-10-23,1360,2018,242,601,2.4834710743801653,0.44191176470588234,0.0018260816723383567,5129_2018
5430,S,2018-02-24,87,672,2018-10-23,1175,2018,241,585,2.4273858921161824,0.4978723404255319,0.0020658603337159,5430_2018
4095,H,2018-02-24,85,660,2018-10-23,1350,2018,241,575,2.3858921161825726,0.42592592592592593,0.0017673274934685724,4095_2018
3067,S,2018-02-26,92,722,2018-10-23,1570,2018,239,630,2.6359832635983262,0.4012738853503185,0.0016789702315912907,3067_2018
507,H,2018-02-26,79,670,2018-10-23,1190,2018,239,591,2.4728033472803346,0.4966386554621849,0.002077986006117928,507_2018
3041,S,2018-02-26,108,778,2018-10-23,1595,2018,239,670,2.803347280334728,0.4200626959247649,0.001757584501777259,3041_2018
5715,H,2018-02-27,96,668,2018-10-23,1625,2018,238,572,2.403361344537815,0.352,0.0014789915966386554,5715_2018
2031,H,2018-02-27,98,770,2018-10-23,1585,2018,238,672,2.823529411764706,0.42397476340694007,0.001781406568936723,2031_2018
3047,H,2018-02-28,78,692,2018-10-23,1440,2018,237,614,2.590717299578059,0.4263888888888889,0.0017991092358180965,3047_2018
4232,S,2018-02-28,87,658,2018-10-23,1585,2018,237,571,2.409282700421941,0.3602523659305994,0.0015200521769223603,4232_2018
6163,H,2018-03-01,67,574,2018-10-23,1150,2018,236,507,2.1483050847457625,0.4408695652173913,0.0018680913780397936,6163_2018
9106,H,2018-03-02,70,676,2018-10-23,NA,2018,235,606,2.578723404255319,NA,NA,9106_2018
5417,S,2018-03-02,80,NA,2018-10-23,1515,2018,235,NA,NA,NA,NA,5417_2018
4678,S,2018-03-02,78,718,2018-10-23,1425,2018,235,640,2.723404255319149,0.44912280701754387,0.0019111608809257185,4678_2018
4100,S,2018-03-02,76,708,2018-10-23,1265,2018,235,632,2.6893617021276595,0.49960474308300395,0.0021259776301404422,4100_2018
6155,S,2018-03-05,74,602,2018-10-23,1170,2018,232,528,2.2758620689655173,0.4512820512820513,0.0019451812555260832,6155_2018
5386,S,2018-03-04,95,718,2018-10-23,1300,2018,233,623,2.6738197424892705,0.47923076923076924,0.002056784417299439,5386_2018
5214,S,2018-03-05,NA,NA,2018-10-23,NA,2018,232,NA,NA,NA,NA,5214_2018
6172,S,2018-03-06,86,694,2018-10-23,1280,2018,231,608,2.632034632034632,0.475,0.0020562770562770564,6172_2018
3035,H,2018-03-06,86,694,2018-10-23,1350,2018,231,608,2.632034632034632,0.45037037037037037,0.0019496552829886163,3035_2018
4022,S,2018-03-06,82,756,2018-10-23,1270,2018,231,674,2.9177489177489178,0.5307086614173229,0.002297440092715683,4022_2018
5125,H,2018-03-07,70,608,2018-10-23,1280,2018,230,538,2.3391304347826085,0.4203125,0.001827445652173913,5125_2018
2025,B,2018-03-07,NA,NA,2018-10-23,NA,2018,230,NA,NA,NA,NA,2025_2018
6159,H,2018-03-07,76,532,2018-10-23,1250,2018,230,456,1.982608695652174,0.3648,0.0015860869565217392,6159_2018
5141,H,2018-03-07,75,576,2018-10-23,1185,2018,230,501,2.1782608695652175,0.42278481012658226,0.0018381948266373142,5141_2018
3040,S,2018-03-08,86,654,2018-10-23,1385,2018,229,568,2.480349344978166,0.41010830324909747,0.0017908659530528274,3040_2018
5126,H,2018-03-08,74,562,2018-10-23,1375,2018,229,488,2.131004366812227,0.3549090909090909,0.0015498213576816196,5126_2018
B264,S,2018-03-08,62,696,2018-10-23,1345,2018,229,634,2.7685589519650655,0.47137546468401487,0.002058408142724956,B264_2018
B264,S,2018-03-08,60,696,2018-10-23,1345,2018,229,636,2.777292576419214,0.4728624535315985,0.002064901543806107,B264_2018
5136 BH,H,2018-03-08,64,624,2018-10-23,1415,2018,229,560,2.445414847161572,0.3957597173144876,0.0017282083725523477,5136 BH_2018
516,S,2018-03-09,72,614,2018-10-23,NA,2018,228,542,2.3771929824561404,NA,NA,516_2018
2032,S,2018-03-09,84,736,2018-10-23,1620,2018,228,652,2.8596491228070176,0.4024691358024691,0.0017652155079055662,2032_2018
3038,H,2018-03-09,80,680,2018-10-23,1635,2018,228,600,2.6315789473684212,0.3669724770642202,0.0016095284081764044,3038_2018
4097,H,2018-03-09,76,664,2018-10-23,1405,2018,228,588,2.5789473684210527,0.4185053380782918,0.0018355497284135607,4097_2018
514,S,2018-03-09,88,796,2018-10-23,1344,2018,228,708,3.1052631578947367,0.5267857142857143,0.0023104636591478695,514_2018
6527,S,2018-03-09,80,732,2018-10-23,1425,2018,228,652,2.8596491228070176,0.4575438596491228,0.0020067713142505384,6527_2018
4112,S,2018-03-10,78,762,2018-10-23,1540,2018,227,684,3.013215859030837,0.44415584415584414,0.001956633674695349,4112_2018
4107,S,2018-03-10,72,636,2018-10-23,1435,2018,227,564,2.484581497797357,0.39303135888501745,0.0017314156779075658,4107_2018
6162,H,2018-03-11,62,562,2018-10-23,1120,2018,226,500,2.2123893805309733,0.44642857142857145,0.0019753476611883694,6162_2018
4114,S,2018-03-11,66,678,2018-10-23,1290,2018,226,612,2.7079646017699117,0.4744186046511628,0.0020991973657131097,4114_2018
502,S,2018-03-11,80,680,2018-10-23,1175,2018,226,600,2.6548672566371683,0.5106382978723404,0.0022594614950103556,502_2018
4115,S,2018-03-12,84,718,2018-10-23,1385,2018,225,634,2.8177777777777777,0.45776173285198557,0.0020344965904532694,4115_2018
1006,S,2018-03-12,78,640,2018-10-23,1435,2018,225,562,2.497777777777778,0.3916376306620209,0.001740611691831204,1006_2018
5586,H,2018-03-12,70,592,2018-10-23,1511,2018,225,522,2.32,0.3454665784248842,0.0015354070152217075,5586_2018
3071,S,2018-03-13,88,714,2018-10-23,1525,2018,224,626,2.794642857142857,0.4104918032786885,0.0018325526932084309,3071_2018
3053,S,2018-03-13,67,684,2018-10-23,1465,2018,224,617,2.7544642857142856,0.421160409556314,0.0018801803998049732,3053_2018
4642,S,2018-03-13,92,770,2018-10-23,1490,2018,224,678,3.0267857142857144,0.45503355704697984,0.0020313998082454455,4642_2018
5120,S,2018-03-14,72,564,2018-10-23,1125,2018,223,492,2.2062780269058297,0.43733333333333335,0.001961136023916293,5120_2018
4101,H,2018-03-16,74,662,2018-10-23,1398,2018,221,588,2.660633484162896,0.4206008583690987,0.0019031713048375508,4101_2018
4429,S,2018-03-16,76,652,2018-10-23,1445,2018,221,576,2.6063348416289593,0.3986159169550173,0.0018036919319231552,4429_2018
1015,S,2018-03-16,76,NA,2018-10-23,NA,2018,221,NA,NA,NA,NA,1015_2018
8419,S,2018-03-17,90,630,2018-10-23,1525,2018,220,540,2.4545454545454546,0.3540983606557377,0.001609538002980626,8419_2018
3072,H,2018-03-17,68,604,2018-10-23,1420,2018,220,536,2.4363636363636365,0.37746478873239436,0.0017157490396927017,3072_2018
3043,S,2018-03-17,87,682,2018-10-23,1515,2018,220,595,2.7045454545454546,0.3927392739273927,0.001785178517851785,3043_2018
5021,H,2018-03-17,70,678,2018-10-23,1165,2018,220,608,2.7636363636363637,0.5218884120171674,0.002372220054623488,5021_2018
9366,S,2018-03-18,90,584,2018-10-23,1630,2018,219,494,2.2557077625570776,0.3030674846625767,0.0013838697929798023,9366_2018
8306,S,2018-03-18,84,734,2018-10-23,1515,2018,219,650,2.9680365296803655,0.429042904290429,0.001959100019591,8306_2018
405,S,2018-03-19,62,670,2018-10-23,1425,2018,218,608,2.7889908256880735,0.4266666666666667,0.0019571865443425078,405_2018
405,S,2018-03-19,60,670,2018-10-23,1425,2018,218,610,2.7981651376146788,0.4280701754385965,0.001963624657975213,405_2018
9400,S,2018-03-20,68,548,2018-10-23,1450,2018,217,480,2.2119815668202767,0.3310344827586207,0.00152550452884157,9400_2018
B864,S,2018-03-20,80,608,2018-10-23,1576,2018,217,528,2.4331797235023043,0.3350253807106599,0.001543895763643594,B864_2018
4332,S,2018-03-21,84,696,2018-10-23,1805,2018,216,612,2.8333333333333335,0.33905817174515235,0.001569713758079409,4332_2018
9112,S,2018-03-22,80,614,2018-10-23,1210,2018,215,534,2.483720930232558,0.4413223140495868,0.0020526619258120315,9112_2018
5136 HA,H,2018-03-23,66,552,2018-10-23,1150,2018,214,486,2.2710280373831777,0.4226086956521739,0.00197480698902885,5136 HA_2018
8261,H,2018-03-23,84,586,2018-10-23,NA,2018,214,502,2.3457943925233646,NA,NA,8261_2018
4446,H,2018-03-24,68,560,2018-10-23,1420,2018,213,492,2.3098591549295775,0.3464788732394366,0.0016266613767109699,4446_2018
5330,H,2018-03-24,80,608,2018-10-23,1480,2018,213,528,2.4788732394366195,0.3567567567567568,0.0016749143509706891,5330_2018
6171,H,2018-03-25,70,504,2018-10-23,1260,2018,212,434,2.047169811320755,0.34444444444444444,0.0016247379454926625,6171_2018
6167 DD,B,2018-03-28,60,NA,2018-10-23,NA,2018,209,NA,NA,NA,NA,6167 DD_2018
6148,H,2018-03-28,54,447,2018-10-23,858,2018,209,393,1.8803827751196172,0.458041958041958,0.0021915883159902296,6148_2018
4098,H,2018-03-29,70,632,2018-10-23,1355,2018,208,562,2.701923076923077,0.414760147601476,0.001994039171160942,4098_2018
5570,S,2018-03-31,78,NA,2018-10-23,NA,2018,206,NA,NA,NA,NA,5570_2018
9494,B,2018-04-01,76,NA,2018-10-23,NA,2018,205,NA,NA,NA,NA,9494_2018
4113,H,2018-04-03,84,608,2018-10-23,1260,2018,203,524,2.58128078817734,0.4158730158730159,0.0020486355461724923,4113_2018
2027,H,2018-04-05,82,578,2018-10-23,1400,2018,201,496,2.4676616915422884,0.35428571428571426,0.0017626154939587775,2027_2018
6126,B,2018-04-18,71,436,2018-10-23,850,2018,188,365,1.9414893617021276,0.4294117647058823,0.0022841051314142677,6126_2018
6179,B,2018-04-24,75,NA,2018-10-23,NA,2018,182,NA,NA,NA,NA,6179_2018
6183,H,2018-04-30,68,354,2018-10-23,NA,2018,176,286,1.625,NA,NA,6183_2018
9263,H,2018-05-13,NA,397,2018-10-23,1535,2018,163,NA,NA,NA,NA,9263_2018
3045,H,NA,NA,534,2018-10-23,1480,2018,NA,NA,NA,NA,NA,3045_2018
405,B,2017-03-14,83,718,2017-10-20,1480,2017,220,635,2.8863636363636362,0.42905405405405406,0.0019502457002457002,405_2017
501,H,2017-03-22,55,540,2017-10-20,1025,2017,212,485,2.2877358490566038,0.47317073170731705,0.0022319374137137597,501_2017
502,H,2017-04-16,58,478,2017-10-20,1095,2017,187,420,2.2459893048128343,0.3835616438356164,0.0020511317852172,502_2017
503,B,2017-03-10,73,608,2017-10-20,NA,2017,224,535,2.388392857142857,NA,NA,503_2017
504,B,2017-03-01,60,476,2017-10-20,1115,2017,233,416,1.7854077253218885,0.37309417040358744,0.0016012625339209762,504_2017
506,R,2017-03-08,60,576,2017-10-20,NA,2017,226,516,2.2831858407079646,NA,NA,506_2017
507,H,2017-03-24,56,514,2017-10-20,1130,2017,210,458,2.1809523809523808,0.40530973451327434,0.0019300463548251158,507_2017
510,H,2017-02-27,61,512,2017-10-20,1015,2017,235,451,1.9191489361702128,0.44433497536945815,0.0018907871292317368,510_2017
511,B,2017-03-01,63,582,2017-10-20,NA,2017,233,519,2.227467811158798,NA,NA,511_2017
512,S,2017-03-24,64,453,2017-10-20,1285,2017,210,389,1.8523809523809525,0.3027237354085603,0.0014415415971836204,512_2017
513,H,2017-02-21,56,NA,2017-10-20,NA,2017,241,NA,NA,NA,NA,513_2017
1003,H,2017-03-20,71,510,2017-10-20,1580,2017,214,439,2.0514018691588785,0.27784810126582277,0.0012983556133916952,1003_2017
1006,S,2017-03-30,65,592,2017-10-20,1365,2017,204,527,2.5833333333333335,0.3860805860805861,0.0018925518925518926,1006_2017
1008,S,2017-03-29,71,690,2017-10-20,1430,2017,205,619,3.0195121951219512,0.43286713286713285,0.00211154698959577,1008_2017
1011,S,2017-04-05,76,664,2017-10-20,1460,2017,198,588,2.9696969696969697,0.40273972602739727,0.0020340390203403905,1011_2017
1015,R,2017-03-14,65,522,2017-10-20,1170,2017,220,457,2.077272727272727,0.3905982905982906,0.0017754467754467756,1015_2017
2023,S,2017-03-25,77,568,2017-10-20,1655,2017,209,491,2.349282296650718,0.29667673716012083,0.0014195059194264154,2023_2017
2025,S,2017-04-02,80,612,2017-10-20,1445,2017,201,532,2.646766169154229,0.3681660899653979,0.0018316720893800892,2025_2017
2027,R,2017-03-14,61,630,2017-10-20,1310,2017,220,569,2.5863636363636364,0.43435114503816796,0.001974323386537127,2027_2017
2028,R,2017-03-26,51,566,2017-10-20,1360,2017,208,515,2.4759615384615383,0.3786764705882353,0.0018205599547511313,2028_2017
2031,S,2017-04-24,75,464,2017-10-20,1450,2017,179,389,2.1731843575418996,0.26827586206896553,0.001498747832787517,2031_2017
2032,H,2017-03-20,60,622,2017-10-20,1495,2017,214,562,2.6261682242990654,0.3759197324414716,0.0017566342637451943,2032_2017
3035,B,2017-03-03,65,630,2017-10-20,NA,2017,231,565,2.445887445887446,NA,NA,3035_2017
3036,H,2017-03-15,61,526,2017-10-20,1455,2017,219,465,2.1232876712328768,0.31958762886597936,0.001459304241397166,3036_2017
3037,H,2017-03-06,72,578,2017-10-20,1570,2017,228,506,2.219298245614035,0.32229299363057323,0.001413565761537602,3037_2017
3038,S,2017-03-23,72,608,2017-10-20,1485,2017,211,536,2.5402843601895735,0.36094276094276095,0.0017106291987808576,3038_2017
3040,S,2017-04-22,77,575,2017-10-20,1365,2017,181,498,2.751381215469613,0.3648351648351648,0.002015663894116933,3040_2017
3041,H,2017-03-29,58,540,2017-10-20,1615,2017,205,482,2.351219512195122,0.29845201238390096,0.0014558634750434193,3041_2017
3043,B,2017-03-07,71,602,2017-10-20,1500,2017,227,531,2.33920704845815,0.354,0.0015594713656387664,3043_2017
3044,H,2017-01-31,NA,NA,2017-10-20,NA,2017,262,NA,NA,NA,NA,3044_2017
3045,R,2017-04-15,72,600,2017-10-20,1395,2017,188,528,2.8085106382978724,0.37849462365591396,0.0020132692747654997,3045_2017
3047,B,2017-03-09,83,644,2017-10-20,1475,2017,225,561,2.493333333333333,0.38033898305084746,0.0016903954802259887,3047_2017
3048,B,2017-03-08,83,778,2017-10-20,1610,2017,226,695,3.075221238938053,0.43167701863354035,0.0019100753036882317,3048_2017
3053,H,2017-04-08,67,558,2017-10-20,1490,2017,195,491,2.517948717948718,0.3295302013422819,0.0016898984684219583,3053_2017
3054,H,2017-03-23,54,548,2017-10-20,1305,2017,211,494,2.3412322274881516,0.378544061302682,0.0017940476838989668,3054_2017
3057,NA,NA,NA,NA,2017-10-20,NA,2017,NA,NA,NA,NA,NA,3057_2017
3058,R,2017-03-25,58,572,2017-10-20,1420,2017,209,514,2.45933014354067,0.3619718309859155,0.0017319226362962465,3058_2017
3060,NA,2016-12-31,NA,NA,2017-10-20,NA,2017,293,NA,NA,NA,NA,3060_2017
3061,B,2017-03-09,71,664,2017-10-20,NA,2017,225,593,2.6355555555555554,NA,NA,3061_2017
3063,S,2017-03-22,73,471,2017-10-20,NA,2017,212,398,1.8773584905660377,NA,NA,3063_2017
3065,R,2017-03-29,56,564,2017-10-20,1250,2017,205,508,2.478048780487805,0.4064,0.0019824390243902436,3065_2017
3066,H,2017-03-20,51,546,2017-10-20,1230,2017,214,495,2.3130841121495327,0.4024390243902439,0.0018805561887394577,3066_2017
3067,R,2017-03-03,65,626,2017-10-20,1485,2017,231,561,2.4285714285714284,0.37777777777777777,0.0016354016354016353,3067_2017
3070,S,2017-03-30,71,598,2017-10-20,1245,2017,204,527,2.5833333333333335,0.42329317269076305,0.002074966532797858,3070_2017
3071,R,2017-03-06,66,622,2017-10-20,1475,2017,228,556,2.43859649122807,0.3769491525423729,0.0016532857567647934,3071_2017
3072,S,2017-05-01,76,458,2017-10-20,1375,2017,172,382,2.2209302325581395,0.2778181818181818,0.0016152219873150104,3072_2017
3073,B,2017-03-04,71,710,2017-10-20,NA,2017,230,639,2.7782608695652176,NA,NA,3073_2017
3827,NA,NA,NA,NA,2017-10-20,NA,2017,NA,NA,NA,NA,NA,3827_2017
4022,S,2017-03-01,64,612,2017-10-20,1195,2017,233,548,2.351931330472103,0.4585774058577406,0.0019681433727800025,4022_2017
4095,R,2017-03-01,65,550,2017-10-20,1285,2017,233,485,2.0815450643776825,0.377431906614786,0.0016198794275312702,4095_2017
4097,B,2017-03-01,65,668,2017-10-20,1270,2017,233,603,2.587982832618026,0.4748031496062992,0.0020377817579669494,4097_2017
4098,S,2017-03-30,69,590,2017-10-20,1190,2017,204,521,2.553921568627451,0.43781512605042017,0.00214615257867853,4098_2017
4099,H,2017-04-24,56,490,2017-10-20,1385,2017,179,434,2.4245810055865924,0.3133574007220217,0.0017506000040336406,4099_2017
4100,S,2017-03-31,71,NA,2017-10-20,1255,2017,203,NA,NA,NA,NA,4100_2017
4101,R,2017-02-24,67,652,2017-10-20,1250,2017,238,585,2.457983193277311,0.468,0.001966386554621849,4101_2017
4102,R,2017-03-04,56,610,2017-10-20,1105,2017,230,554,2.408695652173913,0.5013574660633484,0.0021798150698406453,4102_2017
4103,S,2017-04-29,83,478,2017-10-20,1305,2017,174,395,2.2701149425287355,0.30268199233716475,0.001739551680098648,4103_2017
4106,R,2017-02-19,71,636,2017-10-20,1335,2017,243,565,2.325102880658436,0.4232209737827715,0.0017416500978714878,4106_2017
4107,H,2017-03-27,72,473,2017-10-20,1345,2017,207,401,1.9371980676328502,0.29814126394052043,0.0014402959610653162,4107_2017
4111,R,2017-03-07,69,600,2017-10-20,1240,2017,227,531,2.33920704845815,0.4282258064516129,0.001886457297143669,4111_2017
4112,S,2017-03-23,72,582,2017-10-20,1455,2017,211,510,2.4170616113744074,0.35051546391752575,0.0016612107294669467,4112_2017
4113,R,2017-02-26,65,570,2017-10-20,1110,2017,236,505,2.139830508474576,0.45495495495495497,0.0019277752328599788,4113_2017
4114,S,2017-03-17,72,554,2017-10-20,1160,2017,217,482,2.2211981566820276,0.41551724137931034,0.001914825997139679,4114_2017
4115,B,2017-02-27,102,694,2017-10-20,1240,2017,235,592,2.519148936170213,0.4774193548387097,0.0020315717227179135,4115_2017
4116,H,2017-03-09,57,504,2017-10-20,1275,2017,225,447,1.9866666666666666,0.35058823529411764,0.0015581699346405228,4116_2017
4119,S,2017-03-07,77,630,2017-10-20,NA,2017,227,553,2.436123348017621,NA,NA,4119_2017
4232,S,2017-03-21,67,622,2017-10-20,1405,2017,213,555,2.6056338028169015,0.39501779359430605,0.0018545436318981505,4232_2017
4332,H,2017-03-13,67,668,2017-10-20,1805,2017,221,601,2.7194570135746607,0.3329639889196676,0.0015066243842518897,4332_2017
4429,R,2017-03-17,63,538,2017-10-20,1370,2017,217,475,2.1889400921658986,0.3467153284671533,0.0015977664906320428,4429_2017
4434,S,2017-02-22,71,626,2017-10-20,1390,2017,240,555,2.3125,0.39928057553956836,0.0016636690647482016,4434_2017
4439,B,2017-02-20,85,714,2017-10-20,1545,2017,242,629,2.5991735537190084,0.4071197411003236,0.0016823129797534035,4439_2017
4446,S,2017-03-22,70,546,2017-10-20,1355,2017,212,476,2.2452830188679247,0.35129151291512917,0.0016570354382789113,4446_2017
4642,H,2017-03-03,63,584,2017-10-20,1410,2017,231,521,2.2554112554112553,0.36950354609929076,0.0015995824506462803,4642_2017
4678,H,2017-04-01,65,506,2017-10-20,1290,2017,202,441,2.1831683168316833,0.34186046511627904,0.0016923785401795992,4678_2017
4708,R,2017-02-26,62,586,2017-10-20,1235,2017,236,524,2.2203389830508473,0.4242914979757085,0.0017978453304055445,4708_2017
5005,S,2017-03-01,76,598,2017-10-20,1225,2017,233,522,2.240343347639485,0.42612244897959184,0.0018288517123587632,5005_2017
5021,S,2017-02-27,65,568,2017-10-20,1090,2017,235,503,2.1404255319148935,0.4614678899082569,0.001963693148545774,5021_2017
5067,R,2017-02-13,79,668,2017-10-20,1200,2017,249,589,2.3654618473895583,0.49083333333333334,0.001971218206157965,5067_2017
5120,R,2017-02-01,60,598,2017-10-20,972,2017,261,538,2.0613026819923372,0.5534979423868313,0.0021206817715970546,5120_2017
5122,H,2017-02-27,67,592,2017-10-20,1135,2017,235,525,2.234042553191489,0.46255506607929514,0.0019683194301246603,5122_2017
5123,H,2017-03-04,67,NA,2017-10-20,NA,2017,230,NA,NA,NA,NA,5123_2017
5124,R,2017-02-05,68,580,2017-10-20,1180,2017,257,512,1.9922178988326849,0.43389830508474575,0.0016883202532480379,5124_2017
5125,B,2017-02-10,68,708,2017-10-20,1155,2017,252,640,2.5396825396825395,0.5541125541125541,0.0021988593417164846,5125_2017
5126,H,2017-03-03,71,558,2017-10-20,1250,2017,231,487,2.1082251082251084,0.3896,0.0016865800865800867,5126_2017
5127,NA,NA,NA,NA,2017-10-20,NA,2017,NA,NA,NA,NA,NA,5127_2017
5128,B,2017-03-21,NA,NA,2017-10-20,NA,2017,213,NA,NA,NA,NA,5128_2017
5129,R,2017-02-11,67,644,2017-10-20,1115,2017,251,577,2.298804780876494,0.5174887892376682,0.0020617083236560483,5129_2017
5131,H,2017-02-26,78,594,2017-10-20,NA,2017,236,516,2.1864406779661016,NA,NA,5131_2017
5132,B,2017-02-04,89,840,2017-10-20,1465,2017,258,751,2.9108527131782944,0.5126279863481229,0.001986930179643887,5132_2017
5133,S,2017-01-27,93,700,2017-10-20,1145,2017,266,607,2.281954887218045,0.5301310043668123,0.001992973700627114,5133_2017
5136,S,2017-03-04,65,590,2017-10-20,NA,2017,230,525,2.282608695652174,NA,NA,5136_2017
5136,S,2017-03-04,83,610,2017-10-20,NA,2017,230,527,2.291304347826087,NA,NA,5136_2017
5137,S,2017-03-14,75,596,2017-10-20,1345,2017,220,521,2.368181818181818,0.387360594795539,0.0017607299763433592,5137_2017
5138,H,2017-02-14,72,NA,2017-10-20,NA,2017,248,NA,NA,NA,NA,5138_2017
5139,B,2017-02-07,NA,NA,2017-10-20,NA,2017,255,NA,NA,NA,NA,5139_2017
5140,R,2017-01-27,56,644,2017-10-20,1015,2017,266,588,2.210526315789474,0.5793103448275863,0.002177858439201452,5140_2017
5141,B,2017-01-31,82,718,2017-10-20,1085,2017,262,636,2.427480916030534,0.5861751152073733,0.0022373096000281424,5141_2017
5142,H,2017-03-12,61,490,2017-10-20,1110,2017,222,429,1.9324324324324325,0.3864864864864865,0.0017409301193084977,5142_2017
5145,B,2017-02-05,89,750,2017-10-20,NA,2017,257,661,2.5719844357976656,NA,NA,5145_2017
5146,NA,2016-12-22,NA,NA,2017-10-20,NA,2017,302,NA,NA,NA,NA,5146_2017
5147,S,2017-02-23,61,NA,2017-10-20,1210,2017,239,NA,NA,NA,NA,5147_2017
5148,S,2017-01-28,89,NA,2017-10-20,1210,2017,265,NA,NA,NA,NA,5148_2017
5150,S,2017-02-25,89,630,2017-10-20,1080,2017,237,541,2.282700421940928,0.5009259259259259,0.0021136115017971555,5150_2017
5151,H,2017-02-24,83,580,2017-10-20,1050,2017,238,497,2.088235294117647,0.47333333333333333,0.001988795518207283,5151_2017
5155,H,2017-02-24,78,532,2017-10-20,1140,2017,238,454,1.9075630252100841,0.39824561403508774,0.0016733008993070914,5155_2017
5200,S,2017-02-11,85,612,2017-10-20,1260,2017,251,527,2.099601593625498,0.41825396825396827,0.0016663504711313477,5200_2017
5214,S,2017-02-08,94,674,2017-10-20,1180,2017,254,580,2.283464566929134,0.4915254237288136,0.001935139463499266,5214_2017
5291,B,2017-02-06,76,768,2017-10-20,1195,2017,256,692,2.703125,0.5790794979079498,0.002262029288702929,5291_2017
5330,B,2017-02-08,97,744,2017-10-20,1285,2017,254,647,2.547244094488189,0.5035019455252918,0.001982291124115322,5330_2017
5367,NA,2016-12-23,NA,NA,2017-10-20,NA,2017,301,NA,NA,NA,NA,5367_2017
5386,S,2017-02-16,77,652,2017-10-20,1250,2017,246,575,2.33739837398374,0.46,0.0018699186991869919,5386_2017
5417,R,2017-02-07,71,636,2017-10-20,1125,2017,255,565,2.215686274509804,0.5022222222222222,0.001969498910675381,5417_2017
5430,B,2017-02-02,63,626,2017-10-20,1180,2017,260,563,2.1653846153846152,0.47711864406779664,0.001835071707953064,5430_2017
5438,H,2017-02-16,58,538,2017-10-20,1165,2017,246,480,1.951219512195122,0.41201716738197425,0.001674866534073066,5438_2017
5570,S,2017-05-10,83,454,2017-10-20,1580,2017,163,371,2.276073619631902,0.23481012658227848,0.0014405529238176594,5570_2017
5586,H,2017-03-15,51,506,2017-10-20,1590,2017,219,455,2.077625570776256,0.2861635220125786,0.0013066827489158842,5586_2017
6527,R,2017-03-21,65,634,2017-10-20,1415,2017,213,569,2.671361502347418,0.4021201413427562,0.001887887987524677,6527_2017
6884,B,2017-03-16,76,698,2017-10-20,1410,2017,218,622,2.853211009174312,0.44113475177304967,0.002023553907215824,6884_2017
7326,R,2017-03-07,72,630,2017-10-20,1530,2017,227,558,2.458149779735683,0.36470588235294116,0.0016066338429644984,7326_2017
8119,H,2017-03-22,73,NA,2017-10-20,NA,2017,212,NA,NA,NA,NA,8119_2017
8261,H,2017-03-11,70,622,2017-10-20,1565,2017,223,552,2.475336322869955,0.3527156549520767,0.001581684551354604,8261_2017
8306,B,2017-03-12,69,682,2017-10-20,1600,2017,222,613,2.7612612612612613,0.383125,0.0017257882882882882,8306_2017
8419,S,2017-03-27,65,606,2017-10-20,1615,2017,207,541,2.6135265700483092,0.334984520123839,0.0016182827059122657,8419_2017
9065,B,2017-03-24,59,654,2017-10-20,1445,2017,210,595,2.8333333333333335,0.4117647058823529,0.00196078431372549,9065_2017
9106,S,2017-04-04,85,592,2017-10-20,1845,2017,199,507,2.5477386934673367,0.27479674796747966,0.0013808881807411038,9106_2017
9112,H,2017-03-21,50,491,2017-10-20,1285,2017,213,441,2.0704225352112675,0.3431906614785992,0.001611223762810325,9112_2017
9263,S,2017-02-14,68,658,2017-10-20,1545,2017,248,590,2.379032258064516,0.3818770226537217,0.0015398267042488777,9263_2017
9366,S,2017-03-18,83,606,2017-10-20,1600,2017,216,523,2.4212962962962963,0.326875,0.0015133101851851852,9366_2017
9400,S,2017-03-22,70,600,2017-10-20,1420,2017,212,530,2.5,0.3732394366197183,0.0017605633802816902,9400_2017
9448,S,2017-03-11,75,656,2017-10-20,1460,2017,223,581,2.6053811659192827,0.39794520547945206,0.0017845076478899195,9448_2017
9494,H,2017-03-13,65,518,2017-10-20,1550,2017,221,453,2.0497737556561084,0.292258064516129,0.001322434681068457,9494_2017
9506,S,2017-03-18,73,586,2017-10-20,1410,2017,216,513,2.375,0.3638297872340426,0.0016843971631205674,9506_2017
9613,B,2017-03-21,70,654,2017-10-20,1310,2017,213,584,2.7417840375586855,0.44580152671755724,0.0020929649141669354,9613_2017
9642,S,2017-03-21,65,560,2017-10-20,NA,2017,213,495,2.323943661971831,NA,NA,9642_2017
5135 C,H,2017-03-10,60,542,2017-10-20,1215,2017,224,482,2.1517857142857144,0.39670781893004115,0.0017710170487948266,5135 C_2017
5144 C,H,2017-02-24,65,584,2017-10-20,1180,2017,238,519,2.180672268907563,0.4398305084745763,0.001848027346531833,5144 C_2017
5149 C,S,2017-03-12,83,604,2017-10-20,1140,2017,222,521,2.3468468468468466,0.4570175438596491,0.0020586375849533742,5149 C_2017
B264,R,2017-03-03,63,706,2017-10-20,1330,2017,231,643,2.7835497835497836,0.48345864661654137,0.0020928945740975816,B264_2017
B864,B,2017-02-20,82,754,2017-10-20,1430,2017,242,672,2.7768595041322315,0.4699300699300699,0.0019418597930994624,B864_2017
