2015-12-09,96.290001,97.440002,94.860001,95.540001,2558800,88.547661,1,AMT,2.596323578810639,248.05275731589202
2015-12-10,95.540001,96.040001,94.970001,95.07,1742600,88.11203,2,AMT,2.596323578810639,246.83248263752742
2015-12-11,94.040001,94.599998,93.25,93.68,3007700,86.823784,3,AMT,2.596323578810639,243.22359286298067
2015-12-14,93.379997,94.410004,92.879997,94.040001,2220200,87.615707,4,AMT,2.596323578810639,244.15827194767607
2015-12-15,94.870003,96.150002,94.779999,95.610001,1774600,89.078445,5,AMT,2.596323578810639,248.23449996640875
2015-12-16,96.010002,97.769997,95.639999,97.5,1892100,90.839348,6,AMT,2.596323578810639,253.1415489340373
2015-12-17,97.830002,97.879997,96.080002,96.089996,1775700,89.525673,7,AMT,2.596323578810639,249.48072230261997
2015-12-18,95.610001,95.900002,94.589996,94.599998,3258400,88.137451,8,AMT,2.596323578810639,245.6122053628393
2015-12-21,95.419998,95.739998,94.790001,95.559998,1291400,89.031868,9,AMT,2.596323578810639,248.10467599849747
2015-12-22,96.150002,97,95.860001,96.419998,1755500,89.833115,10,AMT,2.596323578810639,250.33751427627467
2015-12-23,96.68,98.540001,96.68,98.5,1844600,91.771034,11,AMT,2.596323578810639,255.73787251284793
2015-12-24,98.629997,98.699997,97.919998,98.139999,668400,91.435616,12,AMT,2.596323578810639,254.80319342815253
2015-12-28,97.739998,98.519997,97.5,98.370003,1028300,91.64991,13,AMT,2.596323578810639,255.40035823657328
2015-12-29,98.949997,99.589996,98.919998,99.410004,1198200,92.618866,14,AMT,2.596323578810639,258.1005373548599
2015-12-30,99.330002,99.529999,98.019997,98.099998,1039600,91.398354,15,AMT,2.596323578810639,254.69933788867652
2015-12-31,97.959999,97.989998,96.879997,96.949997,1523300,90.326889,16,AMT,2.596323578810639,251.7135631767207
2016-01-04,96.290001,96.779999,95.089996,96.699997,2819800,90.093987,17,AMT,2.596323578810639,251.06448228201805
2016-01-05,96.940002,98.75,96.800003,98.610001,2518400,91.873535,18,AMT,2.596323578810639,256.02347070284065
2016-01-06,98.07,98.639999,97.519997,98.260002,2132400,91.547432,19,AMT,2.596323578810639,255.11476004658053
2016-01-07,96.900002,97.330002,95.370003,95.809998,3203600,89.264786,20,AMT,2.596323578810639,248.75375689320015
2016-01-08,95.989998,96.489998,93.900002,94.230003,1959800,87.792717,21,AMT,2.596323578810639,244.65157862029724
2016-01-11,94.730003,95,93.839996,94.480003,1545400,88.025642,22,AMT,2.596323578810639,245.3006595149999
2016-01-12,95.110001,95.18,93.779999,94.480003,1859900,88.025642,23,AMT,2.596323578810639,245.3006595149999
2016-01-13,94.849998,95.07,92.099998,92.150002,1989500,85.854813,24,AMT,2.596323578810639,239.25122298004754
2016-01-14,92.739998,93.050003,91.699997,92.209999,2524500,85.910713,25,AMT,2.596323578810639,239.40699460580544
2016-01-15,90.510002,91.629997,87.849998,88.389999,5386300,82.351685,26,AMT,2.596323578810639,229.4890385347488
2016-01-19,89.760002,93.529999,89.599998,90.910004,4084300,84.699554,27,AMT,2.596323578810639,236.0317869349695
2016-01-20,90.010002,90.18,86.209999,89,4293000,82.920021,28,AMT,2.596323578810639,231.07279851414685
2016-01-21,88.870003,91.160004,88.209999,90.019997,2994700,83.870331,29,AMT,2.596323578810639,233.72104077556298
2016-01-22,90.910004,93.589996,90.330002,93.25,3258300,86.879669,30,AMT,2.596323578810639,242.1071737240921
2015-12-09,98,99.830002,96.93,97.639999,1709800,79.894264,1,LB,2.5510204081632653,249.0816301020408
2015-12-10,97.989998,99.269997,97.690002,97.860001,1387400,80.07428,2,LB,2.5510204081632653,249.64285969387754
2015-12-11,97.099998,97.970001,96.150002,96.559998,973200,79.010536,3,LB,2.5510204081632653,246.32652551020405
2015-12-14,96.830002,97.800003,95.809998,97.209999,958200,79.542404,4,LB,2.5510204081632653,247.9846913265306
2015-12-15,98,98.980003,96.970001,96.970001,1176100,79.346031,5,LB,2.5510204081632653,247.37245153061224
2015-12-16,97.730003,98.720001,96.980003,98.349998,831500,80.47522,6,LB,2.5510204081632653,250.8928520408163
2015-12-17,98.349998,98.669998,96.550003,96.580002,1153600,79.026917,7,LB,2.5510204081632653,246.37755612244896
2015-12-18,96.580002,97.190002,95.57,95.769997,1625100,78.36412,8,LB,2.5510204081632653,244.3112168367347
2015-12-21,96.129997,96.5,94.349998,94.949997,1206200,77.693146,9,LB,2.5510204081632653,242.2193801020408
2015-12-22,95.349998,96.93,94.900002,96.529999,959800,78.985977,10,LB,2.5510204081632653,246.2499974489796
2015-12-23,96.790001,97.93,96.160004,97.589996,630500,79.853348,11,LB,2.5510204081632653,248.9540714285714
2015-12-24,97.32,97.470001,96.489998,96.82,257200,79.223297,12,LB,2.5510204081632653,246.98979591836732
2015-12-28,96.529999,97.099998,95.940002,96.660004,458100,79.092392,13,LB,2.5510204081632653,246.58164285714287
2015-12-29,97.459999,98.709999,97.099998,97.879997,660400,80.09063,14,LB,2.5510204081632653,249.6938698979592
2015-12-30,97.970001,98.059998,96.599998,96.669998,595700,79.100555,15,LB,2.5510204081632653,246.60713775510206
2015-12-31,96.519997,96.949997,95.800003,95.82,1023600,78.405037,16,LB,2.5510204081632653,244.43877551020407
2016-01-04,94.599998,94.720001,93.309998,94,2068000,76.915817,17,LB,2.5510204081632653,239.79591836734693
2016-01-05,94.43,96.870003,94.050003,96.489998,2132300,78.95327,18,LB,2.5510204081632653,246.14795408163263
2016-01-06,95.339996,96.32,93.699997,94.639999,2568700,77.439491,19,LB,2.5510204081632653,241.42856887755102
2016-01-07,94,97.330002,93.900002,96.519997,3865900,78.977829,20,LB,2.5510204081632653,246.22448214285714
2016-01-08,96.949997,97.389999,92.839996,93.230003,2554600,76.285759,21,LB,2.5510204081632653,237.83164030612244
2016-01-11,93.639999,94.620003,92.300003,93.019997,1567400,76.113922,22,LB,2.5510204081632653,237.29591071428572
2016-01-12,94.230003,96.800003,93.949997,95.120003,1942900,77.832268,23,LB,2.5510204081632653,242.65306887755102
2016-01-13,95.32,95.790001,92.059998,92.25,1771000,75.483879,24,LB,2.5510204081632653,235.3316326530612
2016-01-14,92.18,94.790001,90.669998,94.199997,2001800,77.079468,25,LB,2.5510204081632653,240.30611479591835
2016-01-15,92.389999,93.650002,90.900002,92.339996,2635200,75.557526,26,LB,2.5510204081632653,235.56121428571427
2016-01-19,93.18,94.269997,92.190002,93.150002,2063000,76.220299,27,LB,2.5510204081632653,237.62755612244896
2016-01-20,91.809998,92.540001,88.660004,90.779999,2230500,74.281052,28,LB,2.5510204081632653,231.58163010204083
2016-01-21,90.949997,93.709999,90.389999,93.379997,1974800,76.408493000000007,29,LB,2.5510204081632653,238.2142780612245
2016-01-22,94.32,96.010002,93.639999,95.919998,2703300,78.486862,30,LB,2.5510204081632653,244.6938724489796
2015-12-09,29.91,30.549999,29.379999,29.620001,3619000,29.361397,1,ETFC,8.358408559010364,247.57606987629552
2015-12-10,29.610001,30.15,29.42,29.85,2241500,29.589388,2,ETFC,8.358408559010364,249.49849548645938
2015-12-11,29.360001,29.780001,28.75,28.870001,2935900,28.617943,3,ETFC,8.358408559010364,241.30726345703775
2015-12-14,29.16,29.52,28.6,29.01,2781600,28.756721,4,ETFC,8.358408559010364,242.47743229689067
2015-12-15,29.379999,30.35,29.379999,30.24,3585100,29.975981,5,ETFC,8.358408559010364,252.7582748244734
2015-12-16,30.709999,30.799999,29.77,30.52,4567600,30.253536,6,ETFC,8.358408559010364,255.09862922099632
2015-12-17,30.67,30.75,29.950001,29.950001,3229900,29.688515,7,ETFC,8.358408559010364,250.33434470076895
2015-12-18,29.690001,29.799999,28.75,28.82,11714300,28.568378,8,ETFC,8.358408559010364,240.8893346706787
2015-12-21,29.07,29.209999,28.469999,28.639999,4459800,28.38995,9,ETFC,8.358408559010364,239.38481277164826
2015-12-22,28.91,29.34,28.639999,29.219999,2333500,28.964886,10,ETFC,8.358408559010364,244.2326897358743
2015-12-23,29.469999,29.719999,29.16,29.67,2162300,29.410959,11,ETFC,8.358408559010364,247.9939819458375
2015-12-24,29.59,29.92,29.26,29.709999,766900,29.450609,12,ETFC,8.358408559010364,248.32830992978936
2015-12-28,29.530001,29.59,29.17,29.57,1220700,29.311831,13,ETFC,8.358408559010364,247.15814108993646
2015-12-29,29.83,30.059999,29.639999,29.9,1744800,29.63895,14,ETFC,8.358408559010364,249.91641591440987
2015-12-30,29.809999,30.08,29.690001,29.9,2007100,29.63895,15,ETFC,8.358408559010364,249.91641591440987
2015-12-31,29.77,30.15,29.629999,29.639999,2110100,29.38122,16,ETFC,8.358408559010364,247.74322133065863
2016-01-04,28.879999,29,28.18,28.780001,3791100,28.528728,17,ETFC,8.358408559010364,240.5550066867268
2016-01-05,28.719999,29.049999,28.32,28.58,2346000,28.330475,18,ETFC,8.358408559010364,238.8833166165162
2016-01-06,28.139999,28.389999,27.76,27.98,3970400,27.735714,19,ETFC,8.358408559010364,233.86827148110999
2016-01-07,27.32,27.84,26.76,26.889999,4881200,26.65523,20,ETFC,8.358408559010364,224.7575977933801
2016-01-08,27.26,27.42,26.68,26.709999,4959600,26.476799,21,ETFC,8.358408559010364,223.25308425275827
2016-01-11,26.98,27,26.43,26.66,6850900,26.427237,22,ETFC,8.358408559010364,222.83517218321632
2016-01-12,26.92,27.040001,26.52,26.98,6031000,26.744444,23,ETFC,8.358408559010364,225.50986292209961
2016-01-13,27.209999,27.290001,25.4,25.49,4402000,25.267452,24,ETFC,8.358408559010364,213.05583416917418
2016-01-14,25.82,26.17,24.93,25.99,3098300,25.763086,25,ETFC,8.358408559010364,217.23503844867935
2016-01-15,24.959999,25.620001,24.459999,25.059999,6327300,24.841206,26,ETFC,8.358408559010364,209.46171013039117
2016-01-19,25.48,25.690001,24.540001,24.809999,5625000,24.593388,27,ETFC,8.358408559010364,207.3721079906386
2016-01-20,24.219999,24.76,23.440001,24.33,8141600,24.117582,28,ETFC,8.358408559010364,203.36008024072214
2016-01-21,24.41,24.98,24.02,24.299999,5952500,24.087843,29,ETFC,8.358408559010364,203.1093196255433
2016-01-22,23.629999,24.860001,23.35,24.059999,12791700,23.849936,30,ETFC,8.358408559010364,201.1033015713808
2015-12-09,38.98,39.330002,38.32,38.505001,4048600,35.403763,1,HRL,6.413545407901489,246.95357234479224
2015-12-10,38.540001,38.790001,38.389999,38.514999,2369400,35.412949,2,HRL,6.413545407901489,247.01769497178046
2015-12-11,38.224998,38.900002,38.185001,38.720001,2394800,35.601448,3,HRL,6.413545407901489,248.33248460749107
2015-12-14,38.259998,39.064999,38.09,38.990002,2975200,35.849709,4,HRL,6.413545407901489,250.06414828116985
2015-12-15,39.189999,39.365002,38.720001,39.005001,2794400,35.863491,5,HRL,6.413545407901489,250.16034504874298
2015-12-16,39.360001,39.985001,39.165001,39.919998,3734200,36.704788,6,HRL,6.413545407901489,256.02871985633664
2015-12-17,39.869999,40.105,39.450001,39.744999,3329400,36.543888,7,HRL,6.413545407901489,254.90635582349927
2015-12-18,39.514999,39.705002,39.259998,39.395,6723600,36.222084,8,HRL,6.413545407901489,252.66162134427915
2015-12-21,39.650002,39.895,39.455002,39.830002,1985600,36.622036,9,HRL,6.413545407901489,255.4515264238071
2015-12-22,39.959999,40.264999,39.535,40.255001,2444800,37.01281,10,HRL,6.413545407901489,258.1772768086198
2015-12-23,40.330002,40.389999,39.349998,39.875,3599600,36.663422,11,HRL,6.413545407901489,255.74012314007186
2015-12-24,39.93,40.084999,39.779999,39.91,1028800,36.695595,12,HRL,6.413545407901489,255.96459722934839
2015-12-28,39.814999,40.009998,39.66,40.005001,1453400,36.782959,13,HRL,6.413545407901489,256.57389045664445
2015-12-29,40.125,40.32,39.970001,40.25,1699600,37.008217,14,HRL,6.413545407901489,258.1452026680349
2015-12-30,40.005001,40.174999,39.529999,39.830002,2154600,36.622036,15,HRL,6.413545407901489,255.4515264238071
2015-12-31,39.735001,39.855,39.470001,39.540001,1879600,36.355404,16,HRL,6.413545407901489,253.59159184197026
2016-01-04,39.125,39.165001,38.790001,39.110001,3086000,35.960033,17,HRL,6.413545407901489,250.83376731657262
2016-01-05,39.275002,39.945,39.099998,39.904999,3858400,36.691006,18,HRL,6.413545407901489,255.93252308876347
2016-01-06,39.505001,40.275002,39.224998,40.040001,5574800,36.815128,19,HRL,6.413545407901489,256.798364545921
2016-01-07,39.555,39.700001,38.895,39.314999,4977400,36.148521,20,HRL,6.413545407901489,252.14853129810163
2016-01-08,39.474998,39.915001,39.009998,39.084999,2862200,35.937042,21,HRL,6.413545407901489,250.6734158542843
2016-01-11,39.224998,39.279999,38.525002,39.02,3741400,35.877281,22,HRL,6.413545407901489,250.25654181631612
2016-01-12,39.380001,39.869999,39.209999,39.755001,2729200,36.553085,23,HRL,6.413545407901489,254.9705041046691
2016-01-13,39.814999,40.125,39.145,39.220001,2457200,36.061172,24,HRL,6.413545407901489,251.53925731144182
2016-01-14,39.235001,39.665001,39.07,39.419998,2279400,36.379566,25,HRL,6.413545407901489,252.82194715238586
2016-01-15,38.945,38.98,37.75,38.060001,5302000,35.384777,26,HRL,6.413545407901489,244.09954463827606
2016-01-19,38.605,38.884998,38.130001,38.450001,4525600,35.74736,27,HRL,6.413545407901489,246.60082734735764
2016-01-20,38.110001,38.305,36.869999,37.779999,4956600,35.124454,28,HRL,6.413545407901489,242.3037390969728
2016-01-21,37.900002,38.18,36.974998,37.240002,3902000,34.622417,29,HRL,6.413545407901489,238.84044381734222
2016-01-22,37.634998,38.060001,37.445,37.990002,2442200,35.319691,30,HRL,6.413545407901489,243.65060287326835
2016-01-25,31.434999,31.49,30.565001,30.690001,3693600,30.690001,1,CNC,7.4085810422462615,227.3693595951188
2016-01-26,30.360001,30.559999,29.504999,29.995001,4537600,29.995001,2,CNC,7.4085810422462615,222.22039577075765
2016-01-27,31.549999,31.635,30.280001,30.92,5346000,30.92,3,CNC,7.4085810422462615,229.0733258262544
2016-01-28,31.049999,31.110001,28.940001,29.514999,5191200,29.514999,4,CNC,7.4085810422462615,218.66426205331737
2016-01-29,29.565001,31.030001,29.459999,31.030001,3945800,31.030001,5,CNC,7.4085810422462615,229.88827714948252
2016-02-01,30.76,32.145,30.76,31.795,4069200,31.795,6,CNC,7.4085810422462615,235.5558342382199
2016-02-02,31.415001,31.645,30.200001,30.42,4143200,30.42,7,CNC,7.4085810422462615,225.3690353051313
2016-02-03,30.504999,30.74,28.950001,29.969999,4847400,29.969999,8,CNC,7.4085810422462615,222.03516642753942
2016-02-04,29.865,30.555,29.459999,30.165001,4051400,30.165001,9,CNC,7.4085810422462615,223.4798545479395
2016-02-05,30.014999,30.115,28.155001,28.5,6184000,28.5,10,CNC,7.4085810422462615,211.14455970401846
2016-02-08,27.889999,28.01,26.360001,26.860001,6090600,26.860001,11,CNC,7.4085810422462615,198.99449420331564
2016-02-09,26.26,28.254999,23.68,27.754999,8863600,27.754999,12,CNC,7.4085810422462615,205.62515941896396
2016-02-10,27.75,28.52,27.075001,27.450001,5132800,27.450001,13,CNC,7.4085810422462615,203.36555701824093
2016-02-11,26.865,27.27,26.48,26.860001,4430800,26.860001,14,CNC,7.4085810422462615,198.99449420331564
2016-02-12,27.245001,27.275,26.33,26.915001,3885800,26.915001,15,CNC,7.4085810422462615,199.40196616063918
2016-02-16,27.110001,27.625,26.82,27.575001,3989400,27.575001,16,CNC,7.4085810422462615,204.2916296485217
2016-02-17,27.885,28.955,27.52,28.809999,9599600,28.809999,17,CNC,7.4085810422462615,213.44121241853375
2016-02-18,29.025,29.049999,27.895,27.959999,5463000,27.959999,18,CNC,7.4085810422462615,207.14391853262444
2016-02-19,27.844999,28.129999,27.1,27.715,4293000,27.715,19,CNC,7.4085810422462615,205.32882358585513
2016-02-22,28.26,29.245001,28.225,28.860001,4519800,28.860001,20,CNC,7.4085810422462615,213.81165628780815
2016-02-23,28.834999,29.23,28.555,28.57,2844000,28.57,21,CNC,7.4085810422462615,211.6631603769757
2016-02-24,28.200001,28.66,27.889999,28.635,2399200,28.635,22,CNC,7.4085810422462615,212.1447181447217
2016-02-25,28.924999,29.190001,28.219999,28.754999,3826200,28.754999,23,CNC,7.4085810422462615,213.03374046121021
2016-02-26,29,29.07,28.584999,28.84,4342200,28.84,24,CNC,7.4085810422462615,213.6634772583822
2016-02-29,28.875,29.235001,28.459999,28.48,3963600,28.48,25,CNC,7.4085810422462615,210.99638808317354
2016-03-01,28.77,29.41,28.41,29.24,2393000,29.24,26,CNC,7.4085810422462615,216.62690967528067
2016-03-02,29.09,29.620001,28.985001,29.594999,4876200,29.594999,27,CNC,7.4085810422462615,219.25694853669708
2016-03-03,29.51,30.165001,29.26,30.16,2783200,30.16,28,CNC,7.4085810422462615,223.44280423414725
2016-03-04,30.08,30.225,29.184999,29.375,3181800,29.375,29,CNC,7.4085810422462615,217.62706811598392
2016-03-07,29.219999,29.65,28.825001,29.205,2463600,29.205,30,CNC,7.4085810422462615,216.36760933880205
2016-01-25,17.809999,17.969999,17.459999,17.530001,9349400,17.530001,1,BSX,13.076291450349334,229.22740220091526
2016-01-26,17.620001,17.66,17.33,17.379999,10803500,17.379999,2,BSX,13.076291450349334,227.26593233078
2016-01-27,17.370001,17.559999,17.129999,17.219999,9374900,17.219999,3,BSX,13.076291450349334,225.1737256987241
2016-01-28,17.280001,17.309999,16.68,16.9,8088500,16.9,4,BSX,13.076291450349334,220.98932551090374
2016-01-29,17.02,17.57,17.01,17.530001,11113900,17.530001,5,BSX,13.076291450349334,229.22740220091526
2016-02-01,17.450001,18.02,17.27,17.879999,14901800,17.879999,6,BSX,13.076291450349334,233.80407805595468
2016-02-02,17.629999,17.940001,17.59,17.84,12802100,17.84,7,BSX,13.076291450349334,233.28103947423213
2016-02-03,18,18,17.309999,17.73,14933100,17.73,8,BSX,13.076291450349334,231.8426474146937
2016-02-04,17.25,17.5,16.67,17.34,29665600,17.34,9,BSX,13.076291450349334,226.74289374905746
2016-02-05,17.25,17.43,16.58,16.620001,17077300,16.620001,10,BSX,13.076291450349334,217.32797698109735
2016-02-08,16.450001,16.51,15.67,16.07,16522500,16.07,11,BSX,13.076291450349334,210.1360036071138
2016-02-09,16.42,16.959999,16.25,16.870001,20135400,16.870001,12,BSX,13.076291450349334,220.5970498436847
2016-02-10,16.99,17.26,16.879999,16.92,9801600,16.92,13,BSX,13.076291450349334,221.25085133991075
2016-02-11,16.6,16.799999,16.42,16.58,9735300,16.58,14,BSX,13.076291450349334,216.80491224679193
2016-02-12,16.700001,16.74,16.4,16.639999,6172800,16.639999,15,BSX,13.076291450349334,217.58947665752146
2016-02-16,16.780001,17.23,16.620001,17.16,9293700,17.16,16,BSX,13.076291450349334,224.38916128799457
2016-02-17,17.4,17.629999,17.15,17.57,9754800,17.57,17,BSX,13.076291450349334,229.7504407826378
2016-02-18,17.540001,17.700001,17.18,17.209999,7226900,17.209999,18,BSX,13.076291450349334,225.04296278422058
2016-02-19,17.18,17.25,16.98,17.16,6823400,17.16,19,BSX,13.076291450349334,224.38916128799457
2016-02-22,17.16,17.4,17.16,17.26,6139000,17.26,20,BSX,13.076291450349334,225.69679043302952
2016-02-23,17.110001,17.34,17.08,17.24,7220700,17.24,21,BSX,13.076291450349334,225.4352646040225
2016-02-24,17.139999,17.379999,17.09,17.33,8001600,17.33,22,BSX,13.076291450349334,226.61213083455394
2016-02-25,17.48,17.540001,17.17,17.32,10619500,17.32,23,BSX,13.076291450349334,226.48136792005047
2016-02-26,17.35,17.48,17.190001,17.209999,11610700,17.209999,24,BSX,13.076291450349334,225.04296278422058
2016-02-29,17.17,17.25,16.98,16.98,10901200,16.98,25,BSX,13.076291450349334,222.0354288269317
2016-03-01,17.02,17.27,16.82,17.219999,8749200,17.219999,26,BSX,13.076291450349334,225.1737256987241
2016-03-02,17.18,17.4,17,17.370001,10884000,17.370001,27,BSX,13.076291450349334,227.13519556885936
2016-03-03,17.26,17.459999,17.24,17.41,6907400,17.41,28,BSX,13.076291450349334,227.6582341505819
2016-03-04,17.42,17.610001,17.299999,17.440001,4921500,17.440001,29,BSX,13.076291450349334,228.05053597038383
2016-03-07,17.290001,17.51,17.280001,17.33,5321900,17.33,30,BSX,13.076291450349334,226.61213083455394
2016-01-25,168.279999,168.679993,165.940002,166.089996,525400,162.501083,1,ROP,1.3839359343853466,229.8579138063185
2016-01-26,166.949997,169.330002,166.220001,169.279999,425100,165.622162,2,ROP,1.3839359343853466,234.27267358881554
2016-01-27,169.270004,171.970001,167.369995,168.259995,302600,164.624237,3,ROP,1.3839359343853466,232.86105339999875
2016-01-28,170.089996,171.240005,168.139999,169.720001,415400,166.052689,4,ROP,1.3839359343853466,234.88160816781695
2016-01-29,170.300003,175.809998,169.240005,175.669998,961800,171.8741,5,ROP,1.3839359343853466,243.11602282560196
2016-02-01,157.339996,164.940002,157.309998,163.729996,2355500,160.192108,6,ROP,1.3839359343853466,226.59182500116904
2016-02-02,161.899994,161.899994,155.789993,158.889999,1083500,155.456665,7,ROP,1.3839359343853466,219.89357923055178
2016-02-03,160.809998,162.139999,157.179993,162.110001,666900,158.607117,8,ROP,1.3839359343853466,224.34985570714448
2016-02-04,162.039993,168.100006,160.490005,166.970001,723000,163.362091,9,ROP,1.3839359343853466,231.07578434825726
2016-02-05,165.820007,165.820007,161.020004,163.119995,836800,159.595291,10,ROP,1.3839359343853466,225.74762269725804
2016-02-08,161.75,162.860001,159.539993,161.869995,465300,158.372314,11,ROP,1.3839359343853466,224.01770277927636
2016-02-09,160.600006,163.690002,160.190002,161.830002,596600,158.333191,12,ROP,1.3839359343853466,223.9623550294525
2016-02-10,161.220001,163.289993,159.919998,160.25,532700,156.787323,13,ROP,1.3839359343853466,221.77573348525178
2016-02-11,157.600006,161.110001,157.179993,159.970001,470700,156.513351,14,ROP,1.3839359343853466,221.38823280755983
2016-02-12,160.669998,164.610001,157.75,163.589996,396700,160.055115,15,ROP,1.3839359343853466,226.3980739703551
2016-02-16,165.059998,167.889999,163.389999,167.289993,602500,163.675171,16,ROP,1.3839359343853466,231.5186327757731
2016-02-17,168.179993,170.179993,168.179993,169.710007,550600,166.042908,17,ROP,1.3839359343853466,234.8677771120887
2016-02-18,169.600006,172.360001,168.880005,170.5,634000,166.815842,18,ROP,1.3839359343853466,235.96107681270158
2016-02-19,170.660004,172.139999,168.949997,170.339996,648000,166.659256,19,ROP,1.3839359343853466,235.73964152745623
2016-02-22,171.360001,173.679993,171.039993,173.009995,553600,169.271606,20,ROP,1.3839359343853466,239.43474908832914
2016-02-23,172.399994,174.440002,170.300003,171.259995,440700,167.559387,21,ROP,1.3839359343853466,237.01286120315478
2016-02-24,170.009995,170.869995,168.589996,170.220001,401400,166.541855,22,ROP,1.3839359343853466,235.57357613500963
2016-02-25,171.220001,172.199997,169.25,171,507900,167.305008,23,ROP,1.3839359343853466,236.65304477989426
2016-02-26,171.940002,172.080002,170.240005,170.339996,685600,166.659256,24,ROP,1.3839359343853466,235.73964152745623
2016-02-29,170.020004,170.5,166.869995,167.929993,682500,164.301331,25,ROP,1.3839359343853466,232.4043517737797
2016-03-01,169,172.559998,168.580002,171.880005,491300,168.165985,26,ROP,1.3839359343853466,237.87091532183305
2016-03-02,171.009995,172.380005,170.300003,171.429993,398900,167.725693,27,ROP,1.3839359343853466,237.2481275441284
2016-03-03,171.210007,172.470001,170.630005,172.380005,346400,168.655197,28,ROP,1.3839359343853466,238.56288328902573
2016-03-04,171.960007,172.899994,170.070007,172.5,503600,168.772614,29,ROP,1.3839359343853466,238.72894868147227
2016-03-07,171.679993,173.479996,171.679993,173.440002,363000,169.692322,30,ROP,1.3839359343853466,240.02985122766637
2016-01-25,30.83,30.91,30.42,30.5,28760200,26.82655,1,PFE,7.5539648931051,230.39592923970554
2016-01-26,30.530001,30.75,30.34,30.67,25959000,26.976076,2,PFE,7.5539648931051,231.68010327153343
2016-01-27,30.709999,31.01,30.32,30.52,28519100,26.844141,3,PFE,7.5539648931051,230.54700853756765
2016-01-28,30.700001,30.709999,29.59,30.200001,48785500,26.562679,4,PFE,7.5539648931051,228.12974732573892
2016-01-29,30.379999,30.49,29.92,30.49,56730800,26.817755,5,PFE,7.5539648931051,230.32038959077448
2016-02-01,30.34,30.4,29.809999,30.17,47473300,26.536295,6,PFE,7.5539648931051,227.90312082498087
2016-02-02,30.17,30.34,29.549999,30.139999,48212100,26.509907,7,PFE,7.5539648931051,227.6764943242228
2016-02-03,29.91,30.07,29.139999,29.67,44974700,26.358881,8,PFE,7.5539648931051,224.12613837842832
2016-02-04,29.49,29.59,28.74,29,56934600,25.763649,9,PFE,7.5539648931051,219.06498190004788
2016-02-05,29.02,29.42,28.84,29.030001,38931600,25.790302,10,PFE,7.5539648931051,219.29160840080593
2016-02-08,28.68,28.98,28.25,28.559999,47516500,25.372751,11,PFE,7.5539648931051,215.74122979311676
2016-02-09,28.469999,29.200001,28.34,29.1,57129800,25.852489,12,PFE,7.5539648931051,219.8203783893584
2016-02-10,29.33,29.9,29.309999,29.49,44707200,26.198967,13,PFE,7.5539648931051,222.76642469766938
2016-02-11,29.01,29.34,28.889999,29.129999,39640200,25.879141,14,PFE,7.5539648931051,220.04698978218667
2016-02-12,29.25,29.379999,28.98,29.360001,32543200,26.083473,15,PFE,7.5539648931051,221.78441681553062
2016-02-16,29.549999,29.84,29.450001,29.809999,32570500,26.483255,16,PFE,7.5539648931051,225.18368590949814
2016-02-17,30,30.07,29.59,29.629999,39112200,26.323343,17,PFE,7.5539648931051,223.82397222873922
2016-02-18,29.82,30.040001,29.459999,29.549999,48186900,26.25227,18,PFE,7.5539648931051,223.2196550372908
2016-02-19,29.6,29.65,29.18,29.49,39724900,26.198967,19,PFE,7.5539648931051,222.76642469766938
2016-02-22,29.75,30.07,29.65,30.049999,39334400,26.69647,20,PFE,7.5539648931051,226.99663748384336
2016-02-23,30.059999,30.379999,29.950001,29.959999,31970700,26.616516,21,PFE,7.5539648931051,226.3167806434639
2016-02-24,29.809999,30.08,29.52,30.02,31615000,26.669821,22,PFE,7.5539648931051,226.7700260910151
2016-02-25,30.1,30.690001,30.02,30.59,52040100,27.176208,23,PFE,7.5539648931051,231.075786080085
2016-02-26,30.780001,30.9,30.02,30.23,42926000,26.856382,24,PFE,7.5539648931051,228.35635871856718
2016-02-29,30.09,30.18,29.57,29.67,35191500,26.358881,25,PFE,7.5539648931051,224.12613837842832
2016-03-01,29.790001,30.09,29.620001,30.040001,31417700,26.68759,26,PFE,7.5539648931051,226.9211129428421
2016-03-02,30.110001,30.16,29.75,29.98,34288200,26.634283,27,PFE,7.5539648931051,226.4678674952909
2016-03-03,29.879999,30,29.58,29.889999,36889900,26.554323,28,PFE,7.5539648931051,225.78800310094653
2016-03-04,29.85,29.940001,29.530001,29.709999,36838600,26.394415,29,PFE,7.5539648931051,224.4282894201876
2016-03-07,29.549999,29.809999,29.32,29.790001,32196300,26.465488,30,PFE,7.5539648931051,225.0326217195658
2016-03-08,29.09,29.190001,28.615,28.629999,2344400,28.629999,1,CNC,7.803731635618668,223.42082892403084
2016-03-09,28.75,29.16,28.495001,29.075001,1904200,29.075001,2,CNC,7.803731635618668,226.8935051093444
2016-03-10,29.16,29.565001,28.540001,28.959999,2105600,28.959999,3,CNC,7.803731635618668,225.99606036378498
2016-03-11,29.215,30.370001,28.99,30.334999,3449600,30.334999,4,CNC,7.803731635618668,236.72619136276066
2016-03-14,30.209999,30.344999,29.889999,30.01,1826200,30.01,5,CNC,7.803731635618668,234.18998638491624
2016-03-15,29.860001,29.885,29.15,29.275,2689600,29.275,6,CNC,7.803731635618668,228.45424363273648
2016-03-16,29.275,29.77,28.73,29.025,3665200,29.025,7,CNC,7.803731635618668,226.50331072383182
2016-03-17,29.004999,29.004999,26.700001,28.09,6958200,28.09,8,CNC,7.803731635618668,219.2068216445284
2016-03-18,28.055,29.530001,28.02,29.27,4994200,29.27,9,CNC,7.803731635618668,228.4152249745584
2016-03-21,29.115,29.49,28.790001,28.99,2099400,28.99,10,CNC,7.803731635618668,226.23018011658516
2016-03-22,28.775,30.23,28.6,30.190001,8652600,30.190001,11,CNC,7.803731635618668,235.5946658830592
2016-03-23,30.75,32.360001,30.674999,31.35,14730600,31.35,12,CNC,7.803731635618668,244.64698677664526
2016-03-24,31.35,32.325001,31.32,31.879999,8104600,31.879999,13,CNC,7.803731635618668,248.7829567397915
2016-03-28,32.189999,32.384998,30.889999,31.195,10437000,31.195,14,CNC,7.803731635618668,243.43740837312436
2016-03-29,31.215,32.084999,31.115,31.299999,78417800,31.299999,15,CNC,7.803731635618668,244.25679239113268
2016-03-30,31.549999,31.82,30.665001,31.23,6770400,31.23,16,CNC,7.803731635618668,243.710538980371
2016-03-31,31.254999,31.469999,30.610001,30.785,6428000,30.785,17,CNC,7.803731635618668,240.2378784025207
2016-04-01,30.584999,30.955,30.290001,30.895,5131400,30.895,18,CNC,7.803731635618668,241.09628888243873
2016-04-04,31.125,31.190001,30.5,30.695,5371400,30.695,19,CNC,7.803731635618668,239.535542555315
2016-04-05,30.549999,30.57,30.09,30.315001,5336600,30.315001,20,CNC,7.803731635618668,236.57013233751155
2016-04-06,30.215,30.915001,30.145,30.73,4253600,30.73,21,CNC,7.803731635618668,239.80867316256166
2016-04-07,30.424999,31.280001,30.4,30.959999,6070600,30.959999,22,CNC,7.803731635618668,241.60352363502233
2016-04-08,31.200001,31.355,30.360001,30.450001,3735200,30.450001,23,CNC,7.803731635618668,237.62363610832008
2016-04-11,30.469999,30.735001,29.635,29.715,3410600,29.715,24,CNC,7.803731635618668,231.8878855524087
2016-04-12,29.75,29.860001,29.25,29.51,6035000,29.51,25,CNC,7.803731635618668,230.28812056710692
2016-04-13,29.700001,29.965,29.375,29.860001,4477000,29.860001,26,CNC,7.803731635618668,233.01943444330507
2016-04-14,29.924999,30.065001,29.58,29.605,3296000,29.605,27,CNC,7.803731635618668,231.02947507249067
2016-04-15,29.605,29.715,28.9,29.299999,4412600,29.299999,28,CNC,7.803731635618668,228.64932911989533
2016-04-18,29.299999,29.879999,29.16,29.695,3583000,29.695,29,CNC,7.803731635618668,231.73181091969636
2016-04-19,29.745001,29.959999,29.495001,29.575001,3517000,29.575001,30,CNC,7.803731635618668,230.79537092715375
2016-03-08,144,144.830002,142.389999,142.529999,1281000,137.541565,1,FDX,1.5764621755565766,224.6931523056167
2016-03-09,141.899994,142.529999,139.889999,141.979996,1483800,137.010834,2,FDX,1.5764621755565766,223.82609337967403
2016-03-10,142.039993,143.25,139.580002,141.610001,1168000,136.894836,3,FDX,1.5764621755565766,223.24281025702902
2016-03-11,143.350006,144.580002,142.580002,144.419998,1145800,139.611206,4,FDX,1.5764621755565766,227.67266424095644
2016-03-14,144.100006,144.990005,143.25,143.839996,1657300,139.050583,5,FDX,1.5764621755565766,226.7583130262093
2016-03-15,142.990005,143.320007,141.699997,143.070007,1769600,138.306213,6,FDX,1.5764621755565766,225.54445449211465
2016-03-16,142.5,144.75,141.190002,144.270004,2573200,139.466263,7,FDX,1.5764621755565766,227.436204373396
2016-03-17,155.229996,161.699997,154.080002,161.339996,8891700,155.967865,8,FDX,1.5764621755565766,254.3464010984494
2016-03-18,160.649994,163.880005,160.360001,163.710007,4538100,158.258972,9,FDX,1.5764621755565766,258.08263379560236
2016-03-21,163.570007,164.839996,162.899994,164.539993,2154800,159.06131,10,FDX,1.5764621755565766,259.39107533084393
2016-03-22,163.550003,163.899994,162.320007,163.419998,1647700,157.978622,11,FDX,1.5764621755565766,257.6254455765314
2016-03-23,163.419998,163.729996,162.369995,162.630005,1247500,157.21492,12,FDX,1.5764621755565766,256.38005149307696
2016-03-24,161.300003,162.800003,160.539993,162.649994,1100000,157.234238,13,FDX,1.5764621755565766,256.4115633955041
2016-03-28,162.570007,162.889999,160.389999,162.190002,1527300,156.789581,14,FDX,1.5764621755565766,255.6864034064455
2016-03-29,162.029999,163.089996,160.669998,162.990005,1508800,157.562943,15,FDX,1.5764621755565766,256.9475778762773
2016-03-30,163,163.470001,161.470001,161.570007,1399600,156.190201,16,FDX,1.5764621755565766,254.70900473991134
2016-03-31,161.550003,162.940002,160.649994,162.720001,1984300,157.301926,17,FDX,1.5764621755565766,256.52192678302833
2016-04-01,162.309998,163.990005,161.100006,163.669998,1504900,158.220276,18,FDX,1.5764621755565766,258.0195611204205
2016-04-04,163.880005,165.509995,163.179993,163.800003,1643600,158.345963,19,FDX,1.5764621755565766,258.2245090855538
2016-04-05,162.160004,163.009995,161.649994,161.940002,1147500,156.547867,20,FDX,1.5764621755565766,255.29228786255635
2016-04-06,162,163.139999,160.729996,162.770004,1123800,157.35025,21,FDX,1.5764621755565766,256.60075462119266
2016-04-07,161.169998,162.550003,160.800003,161.279999,1362500,155.909866,22,FDX,1.5764621755565766,254.2518180973025
2016-04-08,162.089996,165.490005,161.919998,163.419998,1597500,157.978622,23,FDX,1.5764621755565766,257.6254455765314
2016-04-11,163.460007,165.100006,163.029999,163.050003,1452800,157.620926,24,FDX,1.5764621755565766,257.04216245388636
2016-04-12,163.559998,165.779999,163.039993,165.110001,1667700,159.612335,25,FDX,1.5764621755565766,260.28967138260856
2016-04-13,165.720001,167.449997,165.699997,167.220001,1603000,161.6521,26,FDX,1.5764621755565766,263.6160065730329
2016-04-14,167.149994,167.550003,165.639999,165.699997,1039500,160.182709,27,FDX,1.5764621755565766,261.2197777603382
2016-04-15,165.699997,166.419998,164.820007,165.899994,863700,160.376007,28,FDX,1.5764621755565766,261.535065466063
2016-04-18,165.330002,167.380005,164.809998,167.130005,833800,161.565079,29,FDX,1.5764621755565766,263.47413128308153
2016-04-19,167.800003,169.300003,166.649994,168.270004,1056000,162.66713,30,FDX,1.5764621755565766,265.27129658675386
2016-03-08,43.299999,43.959999,43.25,43.689999,1572900,40.619045,1,HRL,5.242738072122058,229.05522112827464
2016-03-09,43.779999,44.139999,43.619999,43.919998,2357300,40.832882,2,HRL,5.242738072122058,230.26104564212463
2016-03-10,43.959999,44.02,43.02,43.509998,2020700,40.451694,3,HRL,5.242738072122058,228.1115230325546
2016-03-11,43.799999,43.93,43.220001,43.580002,2219500,40.516773,4,HRL,5.242738072122058,228.47853566855542
2016-03-14,43.380001,43.91,43.259998,43.849998,1730000,40.767799,5,HRL,5.242738072122058,229.89405397707608
2016-03-15,43.73,44.310001,43.580002,44.080002,1688100,40.981636,6,HRL,5.242738072122058,231.09990470461645
2016-03-16,43.939999,44.73,43.639999,44.419998,2252800,41.297741,7,HRL,5.242738072122058,232.88241467818565
2016-03-17,44.34,44.380001,43.75,44.049999,2718500,40.953739,8,HRL,5.242738072122058,230.94260683423857
2016-03-18,44.139999,44.220001,43.560001,43.700001,3892000,40.628338,9,HRL,5.242738072122058,229.107658994472
2016-03-21,43.610001,43.91,43.400002,43.630001,2004300,40.563259,10,HRL,5.242738072122058,228.74066732942345
2016-03-22,43.669998,43.849998,43.43,43.540001,1745400,40.479588,11,HRL,5.242738072122058,228.26882090293245
2016-03-23,43.48,43.990002,43.259998,43.689999,2211500,40.619045,12,HRL,5.242738072122058,229.05522112827464
2016-03-24,43.549999,43.84,43.080002,43.27,1434700,40.228561,13,HRL,5.242738072122058,226.85327638072147
2016-03-28,43.27,43.889999,43.27,43.799999,1332000,40.721313,14,HRL,5.242738072122058,229.63192231620806
2016-03-29,43.869999,44.68,43.830002,44.400002,2232300,41.27914,15,HRL,5.242738072122058,232.7775808876955
2016-03-30,44.68,44.68,43.48,43.950001,2659300,40.860771,16,HRL,5.242738072122058,230.4183435125025
2016-03-31,43.900002,44.040001,43,43.240002,2885700,40.200676,17,HRL,5.242738072122058,226.6960047240339
2016-04-01,43.07,43.939999,43.02,43.91,3021400,40.823578,18,HRL,5.242738072122058,230.20862874687953
2016-04-04,43.93,43.98,43.16,43.549999,2164700,40.488888,19,HRL,5.242738072122058,228.32123779817755
2016-04-05,42.580002,42.869999,41.93,42.240002,5827900,39.270958,20,HRL,5.242738072122058,221.45326665191186
2016-04-06,42.18,43.009998,42.16,43,3219400,39.977543,21,HRL,5.242738072122058,225.43773710124847
2016-04-07,43.029999,43.150002,42.09,42.189999,2922200,39.224472,22,HRL,5.242738072122058,221.19111402009156
2016-04-08,42.330002,42.349998,41.299999,41.82,3516300,38.880482,23,HRL,5.242738072122058,219.25130617614445
2016-04-11,41.93,42.049999,40.990002,41.169998,3462400,38.276169,24,HRL,5.242738072122058,215.843515943789
2016-04-12,41.200001,41.23,40.580002,40.68,4812800,37.820618,25,HRL,5.242738072122058,213.2745847739253
2016-04-13,40.68,40.849998,39.490002,39.82,6597500,37.021065,26,HRL,5.242738072122058,208.76583003190035
2016-04-14,39.619999,40,39.220001,39.25,4452300,36.624493,27,HRL,5.242738072122058,205.77746933079078
2016-04-15,39.259998,39.610001,38.799999,39.459999,3544200,36.820435,28,HRL,5.242738072122058,206.87843908319834
2016-04-18,39.400002,39.560001,39.200001,39.400002,2058200,36.764465,29,HRL,5.242738072122058,206.56389052708522
2016-04-19,39.580002,39.720001,39.060001,39.470001,2317900,36.829777,30,HRL,5.242738072122058,206.93087694939572
2016-03-08,151.330002,151.789993,148.720001,148.919998,444300,148.799484,1,COO,1.5001027574171777,223.39529963436058
2016-03-09,149.179993,149.240005,144.169998,147.929993,616300,147.810272,2,COO,1.5001027574171777,221.9101904040038
2016-03-10,147.990005,149.440002,146.970001,149.020004,387400,148.899414,3,COO,1.5001027574171777,223.54531891071886
2016-03-11,148.139999,150.929993,147.880005,150.470001,309800,150.348221,4,COO,1.5001027574171777,225.72046340866547
2016-03-14,149.679993,150.690002,148.380005,148.869995,297300,148.749527,5,COO,1.5001027574171777,223.32028999618143
2016-03-15,147.960007,148.990005,145.679993,145.960007,404600,145.841888,6,COO,1.5001027574171777,218.95500897333054
2016-03-16,145.949997,148.059998,145.160004,145.889999,469200,145.771927,7,COO,1.5001027574171777,218.84998977948928
2016-03-17,145.75,146.389999,142.990005,144.509995,486800,144.393036,8,COO,1.5001027574171777,216.77984197384257
2016-03-18,145.199997,151.679993,141.669998,150,656200,149.878601,9,COO,1.5001027574171777,225.01541361257665
2016-03-21,149.330002,151.690002,148.970001,150.559998,392700,150.438141,10,COO,1.5001027574171777,225.85546815652478
2016-03-22,149.830002,150.610001,149.089996,149.860001,323600,149.738724,11,COO,1.5001027574171777,224.805400726641
2016-03-23,149.830002,149.830002,148.029999,148.610001,202600,148.489731,12,COO,1.5001027574171777,222.93027227986954
2016-03-24,147.690002,148.910004,146.889999,148.800003,267100,148.679581,13,COO,1.5001027574171777,223.2152948039843
2016-03-28,149,150.029999,147.770004,149.440002,182700,149.319061,14,COO,1.5001027574171777,224.17535906862855
2016-03-29,148.789993,155.639999,148.759995,154.649994,528300,154.524841,15,COO,1.5001027574171777,231.99088243394996
2016-03-30,155.100006,156.309998,154.300003,156.050003,499900,155.923691,16,COO,1.5001027574171777,234.09103979525887
2016-03-31,155.699997,156.25,153.789993,153.970001,511800,153.845367,17,COO,1.5001027574171777,230.9708230596256
2016-04-01,153.570007,158.649994,152.5,157.600006,606600,157.472473,18,COO,1.5001027574171777,236.41620356956375
2016-04-04,158.729996,159.119995,156.080002,156.669998,357100,156.543213,19,COO,1.5001027574171777,235.0210960043437
2016-04-05,155.460007,157.080002,154.009995,155.419998,305400,155.29422,20,COO,1.5001027574171777,233.14596755757222
2016-04-06,155.630005,159.600006,155.630005,159.509995,316500,159.38089,21,COO,1.5001027574171777,239.28138333510023
2016-04-07,158.699997,159.220001,154.929993,156.259995,434300,156.133545,22,COO,1.5001027574171777,234.4060493734944
2016-04-08,157.110001,157.339996,154.649994,155.210007,235700,155.084396,23,COO,1.5001027574171777,232.83095947943943
2016-04-11,155.399994,155.889999,153.550003,154.949997,281700,154.8246,24,COO,1.5001027574171777,232.4409177614834
2016-04-12,155.179993,156.020004,154.429993,155.449997,207600,155.324203,25,COO,1.5001027574171777,233.19096914019198
2016-04-13,156.190002,156.600006,153.690002,154.800003,391200,154.674728,26,COO,1.5001027574171777,232.2159113484874
2016-04-14,154.509995,155.259995,153.759995,153.770004,261800,153.645569,27,COO,1.5001027574171777,230.67080700845045
2016-04-15,155,156.699997,154.679993,156.229996,476000,156.103561,28,COO,1.5001027574171777,234.36104779087464
2016-04-18,155.210007,157.800003,154.910004,157.190002,230500,157.06279,29,COO,1.5001027574171777,235.80115543861166
2016-04-19,157.490005,158.210007,156.570007,157.449997,380300,157.322571,30,COO,1.5001027574171777,236.19117465502634
