2017-09-26,170.009995,171.899994,166.789993,167.020004,23696200,167.020004,1,BABA,1.9606690379194076,327.4709505559756
2017-09-27,169.839996,171.949997,169.449997,170.990005,19444200,170.990005,2,BABA,1.9606690379194076,335.2548085971847
2017-09-28,170.910004,171.880005,169.567001,170.240005,13957000,170.240005,3,BABA,1.9606690379194076,333.7843068187451
2017-09-29,171.110001,173.539993,170.740005,172.710007,13401800,172.710007,4,BABA,1.9606690379194076,338.62716326374414
2017-10-02,174.570007,175.130005,172.570007,173.610001,12563400,173.610001,5,BABA,1.9606690379194076,340.39175363385743
2017-10-03,176.059998,178.779999,173.610001,178.559998,16714600,178.559998,6,BABA,1.9606690379194076,350.0970594895514
2017-10-04,178.059998,180,177.300003,178.710007,11420600,178.710007,7,BABA,1.9606690379194076,350.3911774912606
2017-10-05,179,179.729996,176.029999,178.889999,11895300,178.889999,8,BABA,1.9606690379194076,350.7440822327338
2017-10-06,177.850006,179.869995,177.610001,179.199997,8749300,179.199997,9,BABA,1.9606690379194076,351.35188571315075
2017-10-09,178.970001,183.132004,178.75,182.089996,15011600,182.089996,10,BABA,1.9606690379194076,357.0182172720688
2017-10-10,181.649994,184.460007,181.360001,183.119995,13201300,183.119995,11,BABA,1.9606690379194076,359.0377044204567
2017-09-26,37.900002,38.080002,37.639999,37.810001,16012300,36.302853,1,CMCSA,8.795074294015429,332.54176785179766
2017-09-27,37.830002,38.84,37.720001,38.529999,24698700,36.994152,2,CMCSA,8.795074294015429,338.8742037533401
2017-09-28,38.25,38.400002,37.73,37.82,16361300,36.312454,3,CMCSA,8.795074294015429,332.6297097996635
2017-09-29,37.82,38.509998,37.610001,38.48,19204300,36.946152,4,CMCSA,8.795074294015429,338.4344588337137
2017-10-02,38.41,38.849998,37.93,37.970001,18158900,36.456478,5,CMCSA,8.795074294015429,333.94897973884014
2017-10-03,37.779999,38.380001,37.689999,38.299999,18542100,36.926991,6,CMCSA,8.795074294015429,336.8513366657166
2017-10-04,38.349998,38.610001,38.119999,38.59,20979300,37.206593,7,CMCSA,8.795074294015429,339.40191700605544
2017-10-05,38.599998,38.779999,38.09,38.349998,20141600,36.975185,8,CMCSA,8.795074294015429,337.2910815853431
2017-10-06,38.310001,38.450001,37.950001,38.009998,18821500,36.647381,9,CMCSA,8.795074294015429,334.3007563253779
2017-10-09,37.990002,38.25,37.720001,37.799999,10684800,36.444908,10,CMCSA,8.795074294015429,332.4537995187089
2017-10-10,37.799999,38.040001,37.509998,37.689999,15016500,36.338852,11,CMCSA,8.795074294015429,331.4863413463672
2017-09-26,7.11,7.31,7.09,7.22,2571200,7.22,1,SPWR,46.88232536333802,338.4903891233005
2017-09-27,6.99,7.43,6.94,7.31,3220400,7.31,2,SPWR,46.88232536333802,342.7097984060009
2017-09-28,7.24,7.4,7.15,7.24,1791700,7.24,3,SPWR,46.88232536333802,339.42803563056725
2017-09-29,7.25,7.38,7.2,7.29,1172300,7.29,4,SPWR,46.88232536333802,341.77215189873414
2017-10-02,7.22,7.34,7.12,7.34,1864200,7.34,5,SPWR,46.88232536333802,344.1162681669011
2017-10-03,7.38,7.38,7.22,7.24,1368100,7.24,6,SPWR,46.88232536333802,339.42803563056725
2017-10-04,7.3,7.3,7.11,7.15,1731800,7.15,7,SPWR,46.88232536333802,335.20862634786687
2017-10-05,7.15,7.33,7.12,7.18,1833200,7.18,8,SPWR,46.88232536333802,336.615096108767
2017-10-06,7.12,7.2,7.01,7.1,1898000,7.1,9,SPWR,46.88232536333802,332.8645100796999
2017-10-09,7.2,7.21,6.9,6.95,2396200,6.95,10,SPWR,46.88232536333802,325.83216127519927
2017-10-10,6.93,6.94,6.77,6.9,2037500,6.9,11,SPWR,46.88232536333802,323.4880450070323
2017-10-17,36.57,36.73,36.439999,36.470001,14930300,35.162582,1,CMCSA,9.242658743723053,337.07977362623853
2017-10-18,36.549999,36.630001,36.130001,36.200001,17992900,34.902271,2,CMCSA,9.242658743723053,334.5842557654333
2017-10-19,36.150002,37.009998,36.049999,36.900002,25334200,35.577175,3,CMCSA,9.242658743723053,341.05412612869816
2017-10-20,37.200001,37.220001,36.869999,37.220001,14577700,35.885704,4,CMCSA,9.242658743723053,344.0117676840308
2017-10-23,37.27,37.27,36.52,36.549999,30745800,35.239723,5,CMCSA,9.242658743723053,337.81916784041886
2017-10-24,36.639999,36.880001,36.259998,36.5,25248400,35.191509,6,CMCSA,9.242658743723053,337.35704414589145
2017-10-25,36.220001,36.849998,36.200001,36.830002,26233700,35.509686,7,CMCSA,9.242658743723053,340.4071400166375
2017-10-26,35.889999,37.200001,35.52,36.27,58632000,34.969761,8,CMCSA,9.242658743723053,335.2312326348352
2017-10-27,35.93,36.919998,35.34,36.790001,51081700,35.471119,9,CMCSA,9.242658743723053,340.03742442422987
2017-10-30,36.669998,36.700001,36.060001,36.5,29432200,35.191509,10,CMCSA,9.242658743723053,337.35704414589145
2017-10-31,36.509998,36.57,35.93,36.029999,21828600,34.738358,11,CMCSA,9.242658743723053,333.01298529368285
2017-10-17,9.1,9.4,9.05,9.23,8553900,9.23,1,GPRO,37.14330002834638,342.8326592616371
2017-10-18,9.68,9.85,9.46,9.47,10130700,9.47,2,GPRO,37.14330002834638,351.74705126844026
2017-10-19,9.49,9.54,9.17,9.21,4491600,9.21,3,GPRO,37.14330002834638,342.0897932610702
2017-10-20,9.31,9.53,9.24,9.48,4450300,9.48,4,GPRO,37.14330002834638,352.1184842687237
2017-10-23,9.44,9.54,9.31,9.4,4252100,9.4,5,GPRO,37.14330002834638,349.147020266456
2017-10-24,9.41,9.51,9.37,9.4,2878700,9.4,6,GPRO,37.14330002834638,349.147020266456
2017-10-25,9.71,9.86,9.46,9.62,6838100,9.62,7,GPRO,37.14330002834638,357.3185462726922
2017-10-26,9.65,10.03,9.64,9.86,7459100,9.86,8,GPRO,37.14330002834638,366.2329382794953
2017-10-27,10.07,10.1,9.76,10,4675900,10,9,GPRO,37.14330002834638,371.4330002834638
2017-10-30,10.08,10.5,10.05,10.34,7305000,10.34,10,GPRO,37.14330002834638,384.0617222931016
2017-10-31,10.68,10.7,10.22,10.43,6392200,10.43,11,GPRO,37.14330002834638,387.40461929565276
2017-10-17,6.71,6.78,6.61,6.77,2263400,6.77,1,SPWR,50.37317887599882,341.02642099051195
2017-10-18,6.83,6.85,6.62,6.65,1907800,6.65,2,SPWR,50.37317887599882,334.98163952539215
2017-10-19,6.61,6.69,6.52,6.69,2115700,6.69,3,SPWR,50.37317887599882,336.9965666804321
2017-10-20,6.71,6.71,6.56,6.68,1772800,6.68,4,SPWR,50.37317887599882,336.4928348916721
2017-10-23,6.71,7.05,6.7,6.87,2988400,6.87,5,SPWR,50.37317887599882,346.0637388781119
2017-10-24,6.87,7.15,6.87,6.92,2426500,6.92,6,SPWR,50.37317887599882,348.5823978219118
2017-10-25,6.97,6.99,6.68,6.74,1838300,6.74,7,SPWR,50.37317887599882,339.515225624232
2017-10-26,6.77,6.79,6.62,6.68,1851800,6.68,8,SPWR,50.37317887599882,336.4928348916721
2017-10-27,6.85,7.19,6.82,7.03,4997600,7.03,9,SPWR,50.37317887599882,354.1234474982717
2017-10-30,7.11,7.48,6.88,7.16,5052600,7.16,10,SPWR,50.37317887599882,360.67196075215156
2017-10-31,7.18,7.35,7,7.12,3552400,7.12,11,SPWR,50.37317887599882,358.6570335971116
2017-11-07,9,9,8.81,8.85,4102600,8.85,1,GPRO,39.96572734023878,353.6966869611132
2017-11-08,8.77,8.83,8.61,8.73,4244700,8.73,2,GPRO,39.96572734023878,348.90079968028454
2017-11-09,8.7,8.72,8.32,8.35,4675400,8.35,3,GPRO,39.96572734023878,333.7138232909938
2017-11-10,8.41,8.65,8.36,8.51,4172400,8.51,4,GPRO,39.96572734023878,340.10833966543197
2017-11-13,8.54,8.66,8.35,8.38,3654700,8.38,5,GPRO,39.96572734023878,334.912795111201
2017-11-14,8.38,8.47,8.13,8.21,4083000,8.21,6,GPRO,39.96572734023878,328.1186214633604
2017-11-15,8.04,8.23,7.96,8.16,3324400,8.16,7,GPRO,39.96572734023878,326.1203350963484
2017-11-16,8.14,8.33,8.14,8.27,2539400,8.27,8,GPRO,39.96572734023878,330.51656510377467
2017-11-17,8.3,8.46,8.26,8.29,3018700,8.29,9,GPRO,39.96572734023878,331.31587965057946
2017-11-20,8.31,8.5,8.31,8.39,3179700,8.39,10,GPRO,39.96572734023878,335.3124523846034
2017-11-21,8.45,8.678,8.401,8.61,3137300,8.61,11,GPRO,39.96572734023878,344.1049123994559
2017-11-07,72.410004,73.339996,72.32,73.209999,7824400,69.144257,1,GILD,4.967428893694703,363.6654643399603
2017-11-08,73.32,73.370003,72.720001,73.099998,8095400,69.040367,2,GILD,4.967428893694703,363.119042194225
2017-11-09,73.040001,73.419998,72.620003,73.019997,5817800,68.964821,3,GILD,4.967428893694703,362.72164291530055
2017-11-10,72.959999,74.080002,72.199997,73.769997,7698200,69.673157,4,GILD,4.967428893694703,366.4472145855716
2017-11-13,73.25,73.389999,72.510002,72.849998,8735300,68.804253,5,GILD,4.967428893694703,361.87718497080135
2017-11-14,72.699997,72.720001,70.050003,71.150002,10925600,67.198662,6,GILD,4.967428893694703,353.43257572123593
2017-11-15,70.629997,72.099998,70.529999,71.809998,8539300,67.822006,7,GILD,4.967428893694703,356.7110589213588
2017-11-16,71.75,72.599998,71.25,72.410004,7535900,68.388702,8,GILD,4.967428893694703,359.69154606214903
2017-11-17,72.269997,72.620003,72.120003,72.440002,5719100,68.417023,9,GILD,4.967428893694703,359.84055899410214
2017-11-20,72.410004,72.610001,71.550003,72.129997,6452500,68.124237,10,GILD,4.967428893694703,358.3006311999123
2017-11-21,72.07,72.839996,71.82,72.510002,6473500,68.483147,11,GILD,4.967428893694703,360.1882790166607
2017-11-07,32.830002,33.119999,32.709999,33.07,30061000,30.230196,1,T,10.956184104470935,362.32100833485384
2017-11-08,32.849998,33.5,32.779999,33.439999,87599200,30.56842,2,T,10.956184104470935,366.37478549732396
2017-11-09,33.43,34.450001,33.349998,34,69915900,31.080332,3,T,10.956184104470935,372.5102595520118
2017-11-10,34.169998,34.48,34.099998,34.220001,57476600,31.281443,4,T,10.956184104470935,374.9206310111795
2017-11-13,34.279999,34.360001,34.139999,34.169998,28861800,31.235729,5,T,10.956184104470935,374.37278893740364
2017-11-14,34.189999,34.200001,33.580002,33.720001,30261200,30.824383,6,T,10.956184104470935,369.44253895894406
2017-11-15,34.02,34.200001,33.650002,33.810001,32882300,30.906651,7,T,10.956184104470935,370.4285955283464
2017-11-16,33.860001,34.66,33.810001,34.52,39966200,31.555677,8,T,10.956184104470935,378.2074752863367
2017-11-17,34.43,34.880001,34.349998,34.509998,36967200,31.546539,9,T,10.956184104470935,378.0978915329238
2017-11-20,34.549999,34.900002,34.439999,34.639999,31264700,31.665369,10,T,10.956184104470935,379.5222064226891
2017-11-21,34.599998,34.75,34.290001,34.330002,35417000,31.381994,11,T,10.956184104470935,376.12582221885543
2017-11-29,36.369999,36.549999,35.41,36.48,53178100,33.34737,1,T,9.902108361665265,361.22891303354885
2017-11-30,36.5,36.900002,36.029999,36.380001,49831300,33.255959,2,T,9.902108361665265,360.2387120994907
2017-12-01,36.349998,36.75,35.919998,36.5,31437100,33.365654,3,T,9.902108361665265,361.4269552007822
2017-12-04,36.799999,37.540001,36.75,37.27,40482400,34.06953,4,T,9.902108361665265,369.05157863926445
2017-12-05,36.82,37.290001,36.52,36.549999,33055400,33.411358,5,T,9.902108361665265,361.9220507167571
2017-12-06,36.16,36.450001,36.029999,36.110001,31172200,33.00914,6,T,9.902108361665265,357.56514284184107
2017-12-07,36.130001,36.400002,35.810001,36.169998,24528600,33.063984,7,T,9.902108361665265,358.15923963721593
2017-12-08,36.400002,36.75,36.150002,36.73,25507400,33.575901,8,T,9.902108361665265,363.7044401239651
2017-12-11,36.689999,36.939999,36.52,36.900002,23666700,33.731304,9,T,9.902108361665265,365.387818349665
2017-12-12,38.029999,38.169998,36.98,38.099998,46399900,34.828259,10,T,9.902108361665265,377.27030877522986
2017-12-13,38.009998,38.189999,37.369999,38.040001,39671400,34.773407,11,T,9.902108361665265,376.676211979855
2017-11-29,72.839996,74.199997,72.57,73.669998,9913400,69.57872,1,GILD,4.944257152508045,364.2434145367534
2017-11-30,74.489998,75.099998,73.75,74.779999,11766900,70.627083,2,GILD,4.944257152508045,369.7315449202944
2017-12-01,74.440002,75.610001,73.5,75.339996,8425000,71.155968,3,GILD,4.944257152508045,372.50031409292745
2017-12-04,75.459999,75.580002,72.910004,73.089996,8617600,69.030922,4,GILD,4.944257152508045,361.37573549978435
2017-12-05,73.089996,74.029999,72.720001,73.290001,8389000,69.219826,5,GILD,4.944257152508045,362.36461165157175
2017-12-06,73.720001,74.349998,72.839996,73.290001,6097900,69.219826,6,GILD,4.944257152508045,362.36461165157175
2017-12-07,73.199997,73.25,72.209999,72.720001,6172700,68.68148,7,GILD,4.944257152508045,359.54638507464216
2017-12-08,73.400002,74.379997,72.510002,74.220001,7906900,70.098167,8,GILD,4.944257152508045,366.9627708034042
2017-12-11,74.599998,76.269997,74.389999,75.879997,9179900,71.665985,9,GILD,4.944257152508045,375.170217899539
2017-12-12,76.050003,76.160004,74.25,76.089996,9281600,71.864319,10,GILD,4.944257152508045,376.2085069573085
2017-12-13,76.309998,77.150002,76.269997,76.580002,9968800,72.327118,11,GILD,4.944257152508045,378.6312226275803
2017-11-29,17.740385,17.826923,17.60577,17.76923,57365800,17.006174,1,GE,20.30055555229818,360.7252407365634
2017-11-30,17.846153,17.875,17.48077,17.586538,70777600,16.831326,2,GE,20.30055555229818,357.01649164160295
2017-12-01,17.576923,17.576923,17.173077,17.192308,85308700,16.454025,3,GE,20.30055555229818,349.01340362622045
2017-12-04,17.307692,17.365385,17.192308,17.259615,71081800,16.518444,4,GE,20.30055555229818,350.379773118779
2017-12-05,17.096153,17.317308,16.990385,17.076923,68447400,16.343594,5,GE,20.30055555229818,346.6710240238185
2017-12-06,16.932692,17.153847,16.923077,16.98077,45670100,16.366579,6,GE,20.30055555229818,344.71906470579836
2017-12-07,17.125,17.365385,16.951923,17.028847,57808000,16.412918,7,GE,20.30055555229818,345.6950545150862
2017-12-08,17.038462,17.134615,16.98077,17.028847,56621200,16.412918,8,GE,20.30055555229818,345.6950545150862
2017-12-11,16.932692,17.10577,16.85577,16.971153,60498000,16.357309,9,GE,20.30055555229818,344.523834263052
2017-12-12,17.259615,17.346153,16.971153,17.221153,69505600,16.59827,10,GE,20.30055555229818,349.59897315112653
2017-12-13,17.23077,17.298077,17.076923,17.076923,43788600,16.459253,11,GE,20.30055555229818,346.6710240238185
2017-12-20,16.951923,16.971153,16.692308,16.778847,78379600,16.171959,1,GE,21.66870111886921,363.57582076223525
2017-12-21,16.788462,17.009615,16.76923,16.798077,70592800,16.190493,2,GE,21.66870111886921,363.9925098847511
2017-12-22,16.836538,16.884615,16.73077,16.826923,48225200,16.218298,3,GE,21.66870111886921,364.617565237226
2017-12-26,16.778847,16.98077,16.73077,16.759615,57551400,16.264952,4,GE,21.66870111886921,363.1590883023172
2017-12-27,16.788462,16.951923,16.64423,16.711538,62531700,16.218292,5,GE,21.66870111886921,362.1173221586253
2017-12-28,16.682692,16.73077,16.586538,16.692308,63372200,16.199631,6,GE,21.66870111886921,361.7006330361094
2017-12-29,16.60577,16.85577,16.60577,16.778847,79195400,16.283613,7,GE,21.66870111886921,363.57582076223525
2018-01-02,16.903847,17.298077,16.85577,17.288462,80673100,16.778189,8,GE,21.66870111886921,374.6185158829278
2018-01-03,17.596153,17.634615,17.336538,17.451923,84731100,16.936827,9,GE,21.66870111886921,378.16050343651926
2017-12-20,197.699997,198.070007,194.550003,196.800003,7220500,195.826813,1,NVDA,1.857997766570956,365.65396603515745
2017-12-21,196.940002,197.949997,195.550003,195.889999,7522600,194.92131,2,NVDA,1.857997766570956,363.96318063558675
2017-12-22,194.399994,195.649994,191.25,195.270004,11656900,194.304398,3,NVDA,1.857997766570956,362.81123131030165
2017-12-26,193.029999,197.75,191.820007,197.440002,8877000,196.463669,4,NVDA,1.857997766570956,366.84308274776504
2017-12-27,196.899994,199.970001,196.309998,197.169998,8237200,196.194992,5,NVDA,1.857997766570956,366.34141591879984
2017-12-28,198.130005,199.380005,197.149994,197.399994,6006200,196.423859,6,NVDA,1.857997766570956,366.76874797312007
2017-12-29,198.460007,198.460007,193.5,193.5,6999100,192.543152,7,NVDA,1.857997766570956,359.52256783148
2018-01-02,195.779999,199.5,194.5,199.350006,8890400,198.364227,8,NVDA,1.857997766570956,370.39186591390666
2018-01-03,204.100006,213.699997,203.75,212.470001,22867600,211.419342,9,NVDA,1.857997766570956,394.7687873213288
2017-12-20,99.449997,99.650002,98.449997,98.75,10729800,95.437256,1,WMT,3.6935763092791714,364.74066054131816
2017-12-21,99,99.330002,97.980003,98.059998,7369100,94.770393,2,WMT,3.6935763092791714,362.1920855007629
2017-12-22,98.290001,98.419998,97.68,98.209999,5478700,94.915375,3,WMT,3.6935763092791714,362.7461256407311
2017-12-26,98.349998,99.440002,98.349998,99.160004,4295900,95.833519,4,WMT,3.6935763092791714,366.25504160242787
2017-12-27,99.559998,99.599998,98.830002,99.260002,5140800,95.930145,5,WMT,3.6935763092791714,366.6243918462032
2017-12-28,99.519997,99.620003,99.120003,99.400002,9763900,96.065453,6,WMT,3.6935763092791714,367.1414925295023
2017-12-29,99.400002,99.690002,98.75,98.75,7144300,95.437256,7,WMT,3.6935763092791714,364.74066054131816
2018-01-02,99.300003,99.790001,98.519997,98.589996,10150500,95.282616,8,WMT,3.6935763092791714,364.1496735575283
2018-01-03,98.849998,100,98.769997,99.449997,8903600,96.113777,9,WMT,3.6935763092791714,367.32615287708467
2018-01-12,6.13,6.27,6.04,6.23,5148000,6.23,1,GPRO,62.004102427130654,386.285558121024
2018-01-16,6.21,6.46,6.16,6.36,7055800,6.36,2,GPRO,62.004102427130654,394.346091436551
2018-01-17,6.4,6.605,6.26,6.34,5582700,6.34,3,GPRO,62.004102427130654,393.1060093880083
2018-01-18,6.25,6.39,6.195,6.27,2618300,6.27,4,GPRO,62.004102427130654,388.76572221810915
2018-01-19,6.24,6.33,6.23,6.29,3000400,6.29,5,GPRO,62.004102427130654,390.0058042666518
2018-01-22,6.22,6.3,6.2,6.3,1902100,6.3,6,GPRO,62.004102427130654,390.6258452909231
2018-01-23,5.89,6.17,5.85,6.12,6589500,6.12,7,GPRO,62.004102427130654,379.4651068540396
2018-01-24,6.07,6.22,5.93,6.1,4441900,6.1,8,GPRO,62.004102427130654,378.22502480549696
2018-01-25,6.15,6.15,5.94,5.96,4375800,5.96,9,GPRO,62.004102427130654,369.5444504656987
2018-01-26,5.96,5.986,5.61,5.65,7870400,5.65,10,GPRO,62.004102427130654,350.3231787132882
2018-01-12,46.68,47.23,46.285,46.400002,9367200,46.400002,1,JD,8.142355353005804,377.80530466418
2018-01-16,47.32,47.400002,45.919998,46.459999,13359700,46.459999,2,JD,8.142355353005804,378.2938215582943
2018-01-17,46.900002,46.93,46.02,46.610001,6980700,46.610001,3,JD,8.142355353005804,379.5151911459559
2018-01-18,46.689999,46.799999,45.599998,45.900002,10400900,45.900002,4,JD,8.142355353005804,373.73412698767714
2018-01-19,46.150002,46.400002,45.57,46.02,6650600,46.02,5,JD,8.142355353005804,374.71119334532716
2018-01-22,45.509998,45.599998,43.34,45.259998,18430400,45.259998,6,JD,8.142355353005804,368.52298699233205
2018-01-23,45.400002,45.700001,44.34,45.18,13589700,45.18,7,JD,8.142355353005804,367.87161484880227
2018-01-24,45.43,47.939999,45.419998,46.740002,20874600,46.740002,8,JD,8.142355353005804,380.573705484202
2018-01-25,46.740002,47.740002,46.349998,47.380001,14501100,47.380001,9,JD,8.142355353005804,385.78480476777037
2018-01-26,48.23,50.549999,48.105999,50.5,25705400,50.5,10,JD,8.142355353005804,411.18894532679315
2018-01-12,9.41,9.41,9.02,9.1,3386800,9.1,1,SPWR,40.39162039089383,367.5637455571338
2018-01-16,9.21,9.3,8.52,8.62,3562100,8.62,2,SPWR,40.39162039089383,348.1757677695048
2018-01-17,8.68,8.76,8.55,8.64,2467200,8.64,3,SPWR,40.39162039089383,348.98360017732267
2018-01-18,8.61,8.72,8.3,8.55,2624000,8.55,4,SPWR,40.39162039089383,345.3483543421423
2018-01-19,8.52,8.69,8.41,8.65,1450300,8.65,5,SPWR,40.39162039089383,349.3875163812316
2018-01-22,8.63,9.14,8.6,8.72,3017300,8.72,6,SPWR,40.39162039089383,352.2149298085942
2018-01-23,8.92,9.31,8.01,8.16,10332500,8.16,7,SPWR,40.39162039089383,329.59562238969363
2018-01-24,8.17,8.34,7.51,7.77,8673700,7.77,8,SPWR,40.39162039089383,313.84289043724505
2018-01-25,7.9,8.02,7.76,7.93,2666900,7.93,9,SPWR,40.39162039089383,320.30554969978806
2018-01-26,7.93,8.18,7.7,8.14,2674400,8.14,10,SPWR,40.39162039089383,328.7877899818758
2018-02-05,45.029999,47.639999,44.110001,44.599998,19415700,44.599998,1,JD,8.070915228623162,359.96280305476256
2018-02-06,43.060001,45.299999,42.599998,45.049999,20648900,45.049999,2,JD,8.070915228623162,363.59472297855825
2018-02-07,44.970001,45.330002,44.220001,44.389999,14960200,44.389999,3,JD,8.070915228623162,358.267918927667
2018-02-08,44.84,44.84,42.169998,42.25,16458400,42.25,4,JD,8.070915228623162,340.9961684093286
2018-02-09,42.619999,43.41,40.93,42.93,18336700,42.93,5,JD,8.070915228623162,346.48439076479235
2018-02-12,43.68,44.095001,43.040001,43.720001,11475800,43.720001,6,JD,8.070915228623162,352.86042186631994
2018-02-13,43.77,44.740002,43.57,44.549999,8432100,44.549999,7,JD,8.070915228623162,359.55926536424664
2018-02-14,44.84,47.25,44.720001,46.860001,16727000,46.860001,8,JD,8.070915228623162,378.20309568419657
2018-02-15,47.779999,47.91,46.259998,47.110001,9799800,47.110001,9,JD,8.070915228623162,380.2208244913524
2018-02-16,47.099998,47.299999,46.299999,46.419998,7340900,46.419998,10,JD,8.070915228623162,374.65186877085677
2018-02-05,7.37,7.53,7.12,7.2,3159500,7.2,1,SPWR,49.31252437910254,355.0501755295383
2018-02-06,7.08,7.45,7.02,7.05,3185200,7.05,2,SPWR,49.31252437910254,347.6532968726729
2018-02-07,7.16,7.24,7.02,7.04,2816500,7.04,3,SPWR,49.31252437910254,347.16017162888187
2018-02-08,7.03,7.16,6.46,6.79,6554100,6.79,4,SPWR,49.31252437910254,334.8320405341063
2018-02-09,6.82,7.14,6.54,6.85,4437600,6.85,5,SPWR,49.31252437910254,337.79079199685236
2018-02-12,6.95,6.95,6.67,6.89,2569700,6.89,6,SPWR,49.31252437910254,339.7632929720165
2018-02-13,6.84,7.41,6.8,7.38,3830900,7.38,7,SPWR,49.31252437910254,363.9264299177768
2018-02-14,7.25,7.55,7.1,7.48,3767500,7.48,8,SPWR,49.31252437910254,368.857682355687
2018-02-15,6.9,7.45,6.55,7.39,6895500,7.39,9,SPWR,49.31252437910254,364.41955516156776
2018-02-16,7.28,7.69,7.2,7.64,2490700,7.64,10,SPWR,49.31252437910254,376.7476862563434
2018-02-05,25.370001,26.639999,24.1,25.129999,33918400,25.129999,1,TWTR,14.32531692347926,359.9951999617169
2018-02-06,24.59,25.58,24.200001,25.24,26646500,25.24,2,TWTR,14.32531692347926,361.5709991486165
2018-02-07,25.83,27.08,25.76,26.91,48909300,26.91,3,TWTR,14.32531692347926,385.4942784108269
2018-02-08,34.150002,35,29.709999,30.18,162434400,30.18,4,TWTR,14.32531692347926,432.3380647506041
2018-02-09,30.370001,31.809999,29.68,31.51,67181200,31.51,5,TWTR,14.32531692347926,451.3907362588315
2018-02-12,31.440001,31.9,30.860001,30.950001,37001000,30.950001,6,TWTR,14.32531692347926,443.36857310700003
2018-02-13,30.67,33.650002,30.639999,33.439999,57653000,33.439999,7,TWTR,14.32531692347926,479.03858359582955
2018-02-14,32.849998,33.98,32.549999,33.75,39339200,33.75,8,TWTR,14.32531692347926,483.479446167425
2018-02-15,34.029999,34.380001,33.060001,33.610001,32020500,33.610001,9,TWTR,14.32531692347926,481.4739161234548
2018-02-16,33.369999,33.5,32.68,33.060001,27901000,33.060001,10,TWTR,14.32531692347926,473.5949918155413
2018-02-27,294.769989,297.359985,290.589996,290.609985,9416500,290.609985,1,NFLX,1.3852547099502965,402.568850479835
2018-02-28,293.100006,295.75,290.779999,291.380005,7653500,291.380005,2,NFLX,1.3852547099502965,403.6355243115909
2018-03-01,292.75,295.25,283.829987,290.390015,11932100,290.390015,3,NFLX,1.3852547099502965,402.2641360012873
2018-03-02,284.649994,301.179993,283.230011,301.049988,13345300,301.049988,4,NFLX,1.3852547099502965,417.0309138074802
2018-03-05,302.850006,316.910004,297.600006,315,18986100,315,5,NFLX,1.3852547099502965,436.3552336343434
2018-03-06,319.880005,325.790009,316.5,325.220001,18525800,325.220001,6,NFLX,1.3852547099502965,450.5125381552902
2018-03-07,320,323.73999,314.549988,321.160004,17132200,321.160004,7,NFLX,1.3852547099502965,444.8884081886561
2018-03-08,322.200012,322.920013,314.130005,317,11340100,317,8,NFLX,1.3852547099502965,439.125743054244
2018-03-09,321.329987,331.440002,320.230011,331.440002,14500200,331.440002,9,NFLX,1.3852547099502965,459.1288238364357
2018-03-12,333.559998,333.980011,318.600006,321.299988,20369200,321.299988,10,NFLX,1.3852547099502965,445.08232168397376
2018-03-13,323.869995,325.839996,313.279999,315.880005,12917200,315.880005,11,NFLX,1.3852547099502965,437.5742647053732
2018-02-27,245.5,248.910004,245.130005,246.059998,11385900,244.995407,1,NVDA,1.6632648293859353,409.2629405921736
2018-02-28,246.5,248.100006,241.529999,242,13077900,240.952957,2,NVDA,1.6632648293859353,402.51008871139635
2018-03-01,241.910004,244.089996,228.119995,232.210007,26003000,231.205338,3,NVDA,1.6632648293859353,386.22673767456183
2018-03-02,227.860001,236.800003,221.850006,236.539993,22835700,235.516571,4,NVDA,1.6632648293859353,393.42865110009535
2018-03-05,234.509995,237.25,229.520004,235.649994,15519400,234.630447,5,NVDA,1.6632648293859353,391.9483470652067
2018-03-06,239.100006,242.940002,237.360001,242.160004,15920200,241.112274,6,NVDA,1.6632648293859353,402.7762177371574
2018-03-07,238,243.949997,237.949997,241.839996,14530200,240.793655,7,NVDA,1.6632648293859353,402.24395968563533
2018-03-08,242.949997,242.949997,239.389999,241.179993,10297800,240.136505,8,NVDA,1.6632648293859353,401.1461999084461
2018-03-09,243.100006,245.850006,242.449997,245.330002,12638100,244.268539,9,NVDA,1.6632648293859353,408.0487639197812
2018-03-12,247,253,246.669998,249.759995,15126500,248.679367,10,NVDA,1.6632648293859353,415.41701547110705
2018-03-13,251.490005,254.5,246.039993,247.710007,15494300,246.63826,11,NVDA,1.6632648293859353,412.00734253004384
2018-02-27,7.63,7.63,7.23,7.27,2025300,7.27,1,SPWR,53.51658133869556,389.06554633231667
2018-02-28,7.34,7.34,7.04,7.09,2507600,7.09,2,SPWR,53.51658133869556,379.4325616913515
2018-03-01,7.06,7.23,6.95,7.06,2122900,7.06,3,SPWR,53.51658133869556,377.8270642511906
2018-03-02,6.94,7.22,6.87,7.19,2190300,7.19,4,SPWR,53.51658133869556,384.7842198252211
2018-03-05,7.13,7.54,7.13,7.25,3024400,7.25,5,SPWR,53.51658133869556,387.9952147055428
2018-03-06,7.25,7.47,7.25,7.37,1602100,7.37,6,SPWR,53.51658133869556,394.41720446618626
2018-03-07,7.29,7.5,7.27,7.35,2076500,7.35,7,SPWR,53.51658133869556,393.34687283941236
2018-03-08,7.4,7.5,7.23,7.44,2079700,7.44,8,SPWR,53.51658133869556,398.16336515989497
2018-03-09,7.45,7.54,7.11,7.16,2961100,7.16,9,SPWR,53.51658133869556,383.1787223850602
2018-03-12,7.22,7.36,7.16,7.28,1803700,7.28,10,SPWR,53.51658133869556,389.6007121457037
2018-03-13,7.22,7.36,7.18,7.19,1570500,7.19,11,SPWR,53.51658133869556,384.7842198252211
2018-03-20,314.869995,316.25,308.76001,310.549988,4764300,310.549988,1,TSLA,1.3067465373665703,405.81012149822993
2018-03-21,310.25,322.440002,310.190002,316.529999,5958400,316.529999,2,TSLA,1.3067465373665703,413.62448016589394
2018-03-22,313.890015,318.820007,308.179993,309.100006,4939800,309.100006,3,TSLA,1.3067465373665703,403.9153625404861
2018-03-23,311.25,311.25,300.450012,301.540009,6654900,301.540009,4,TSLA,1.3067465373665703,394.03636263823444
2018-03-26,307.339996,307.589996,291.359985,304.179993,8375200,304.179993,5,TSLA,1.3067465373665703,397.4861525889376
2018-03-27,304,304.269989,277.179993,279.179993,13872000,279.179993,6,TSLA,1.3067465373665703,364.8174891547734
2018-03-28,264.579987,268.679993,252.100006,257.779999,21001400,257.779999,7,TSLA,1.3067465373665703,336.85312109560795
2018-03-29,256.48999,270.959991,248.210007,266.130005,15170700,266.130005,8,TSLA,1.3067465373665703,347.764462523098
2018-04-02,256.26001,260.329987,244.589996,252.479996,16114000,252.479996,9,TSLA,1.3067465373665703,329.9273605273255
2018-04-03,269.820007,273.350006,254.490005,267.529999,18844400,267.529999,10,TSLA,1.3067465373665703,349.59389983493196
2018-03-20,35.360001,35.5,34.549999,34.57,20893700,33.462711,1,CMCSA,11.636178281976841,402.2626832079394
2018-03-21,34.549999,35.150002,34.450001,34.490002,21662600,33.385273,2,CMCSA,11.636178281976841,401.33181221773776
2018-03-22,34.169998,34.23,33.209999,33.23,53922000,32.165638,3,CMCSA,11.636178281976841,386.6702043100904
2018-03-23,33.650002,33.73,33.150002,33.169998,43863100,32.107552,4,CMCSA,11.636178281976841,385.97201034081525
2018-03-26,33.75,33.790001,32.740002,33.540001,32248200,32.465698,5,CMCSA,11.636178281976841,390.2774312136815
2018-03-27,33.650002,33.880001,32.75,32.990002,31011300,31.933317,6,CMCSA,11.636178281976841,383.8775447947725
2018-03-28,33.200001,33.849998,33.139999,33.279999,32906700,32.214031,7,CMCSA,11.636178281976841,387.25200158801096
2018-03-29,33.459999,34.52,33.330002,34.169998,32542600,33.075516,8,CMCSA,11.636178281976841,397.6081886227921
2018-04-02,34.09,34.299999,33.259998,33.52,35584000,32.44635,9,CMCSA,11.636178281976841,390.0446960118638
2018-04-03,33.419998,33.549999,32.919998,33.470001,29274500,32.582634,10,CMCSA,11.636178281976841,389.4628987339432
2018-03-20,167.470001,170.199997,161.949997,168.149994,129851800,168.149994,1,FB,2.4568894323161756,413.12594330262834
2018-03-21,164.800003,173.399994,163.300003,169.389999,106598800,169.389999,2,FB,2.4568894323161756,416.17249848314754
2018-03-22,166.130005,170.270004,163.720001,164.889999,73743000,164.889999,3,FB,2.4568894323161756,405.11649603772474
2018-03-23,165.440002,166.600006,159.020004,159.389999,53609700,159.389999,4,FB,2.4568894323161756,391.60360415998576
2018-03-26,160.820007,161.100006,149.020004,160.059998,126116600,160.059998,5,FB,2.4568894323161756,393.2497176227482
2018-03-27,156.309998,162.850006,150.75,152.220001,79117000,152.220001,6,FB,2.4568894323161756,373.9877118440577
2018-03-28,151.649994,155.880005,150.800003,153.029999,60029200,153.029999,7,FB,2.4568894323161756,375.9777873704549
2018-03-29,155.149994,161.419998,154.139999,159.789993,59434300,159.789993,8,FB,2.4568894323161756,392.5863451915757
2018-04-02,157.809998,159.199997,154.110001,155.389999,36796000,155.389999,9,FB,2.4568894323161756,381.77604643072107
2018-04-03,156.550003,157.389999,150.809998,156.110001,42543900,156.110001,10,FB,2.4568894323161756,383.5450117357676
2018-04-11,12.413462000000001,12.576923,12.355769,12.471154,52228800,12.203224,1,GE,30.144741526165774,375.9397138630084
2018-04-12,12.528846,12.740385,12.471154,12.673077,66176400,12.400809,2,GE,30.144741526165774,382.02663050619634
2018-04-13,12.894231,13.153846,12.846154,12.971154,74015200,12.692483,3,GE,30.144741526165774,391.0120846260913
2018-04-16,12.980769,13.057693,12.721154,12.817307,60610100,12.541941,4,GE,30.144741526165774,386.37440657651524
2018-04-17,12.865385,13.336538,12.846154,13.259615,75014200,12.974746,5,GE,30.144741526165774,399.7076669114706
2018-04-18,13.346154,13.384615,13.096154,13.134615,44702800,12.852431,6,GE,30.144741526165774,395.93957422069985
2018-04-19,13.144231,13.519231,13.105769,13.451923,91293500,13.162922,7,GE,30.144741526165774,405.5047418648845
2018-04-20,14.365385,14.471154,13.788462000000001,13.980769,196233400,13.680407,8,GE,30.144741526165774,421.44666784203116
2018-04-23,14.182693,14.211538,13.836538,13.961538,76249400,13.661589,9,GE,30.144741526165774,420.86695431774143
2018-04-24,14.096154,14.201923,13.980769,14.115385,77232100,13.81213,10,GE,30.144741526165774,425.50463236731747
2018-04-25,14.153846,14.163462000000001,13.375,13.509615,115712200,13.219375,11,GE,30.144741526165774,407.243852293012
2018-04-11,302.880005,311.640015,301.820007,303.670013,14877400,303.670013,1,NFLX,1.2354747664339245,375.1766383841618
2018-04-12,309.720001,311.130005,306.75,309.25,10249400,309.25,2,NFLX,1.2354747664339245,382.07057151969116
2018-04-13,317.290009,317.48999,308.230011,311.649994,12046600,311.649994,3,NFLX,1.2354747664339245,385.03570354628397
2018-04-16,315.98999,316.100006,304,307.779999,20307900,307.779999,4,NFLX,1.2354747664339245,380.2544223775585
2018-04-17,329.660004,338.619995,323.769989,336.059998,33866500,336.059998,5,NFLX,1.2354747664339245,415.19364753683516
2018-04-18,336.299988,338.820007,331.100006,334.519989,11221100,334.519989,6,NFLX,1.2354747664339245,413.291005277254
2018-04-19,332.880005,335.309998,326.769989,332.700012,8438800,332.700012,7,NFLX,1.2354747664339245,411.0424696182639
2018-04-20,332.220001,336.51001,326,327.769989,9158700,327.769989,8,NFLX,1.2354747664339245,404.951550603825
2018-04-23,329.149994,331.220001,317.079987,318.690002,8968000,318.690002,9,NFLX,1.2354747664339245,393.7334557857769
2018-04-24,319.220001,320.25,302.309998,307.019989,13893200,307.019989,10,NFLX,1.2354747664339245,379.3154492003211
2018-04-25,306.369995,309.980011,292.619995,305.76001,14919700,305.76001,11,NFLX,1.2354747664339245,377.75877693958444
2018-04-11,300.73999,308.980011,299.660004,300.929993,7482900,300.929993,1,TSLA,1.244266196307584,374.43701774497794
2018-04-12,302.320007,303.950012,293.679993,294.079987,7608800,294.079987,2,TSLA,1.244266196307584,365.9137868346738
2018-04-13,303.600006,303.950012,295.980011,300.339996,7327200,300.339996,3,TSLA,1.244266196307584,373.702904421955
2018-04-16,299,299.660004,289.01001,291.209991,6338500,291.209991,4,TSLA,1.244266196307584,362.3427478283358
2018-04-17,288.869995,292.170013,282.51001,287.690002,7000000,287.690002,5,TSLA,1.244266196307584,357.96294450426126
2018-04-18,291.079987,300.23999,288.160004,293.350006,6557700,293.350006,6,TSLA,1.244266196307584,365.005496152427
2018-04-19,291.079987,301.01001,288.549988,300.079987,6090600,300.079987,7,TSLA,1.244266196307584,373.37938401251927
2018-04-20,295.170013,299.980011,289.75,290.23999,5627900,290.23999,8,TSLA,1.244266196307584,361.13580837365123
2018-04-23,291.290009,291.619995,282.329987,283.369995,4893400,283.369995,9,TSLA,1.244266196307584,352.5877058263491
2018-04-24,285,287.089996,278.459991,283.459991,5685300,283.459991,10,TSLA,1.244266196307584,352.699684806952
2018-04-25,283.5,285.160004,277.25,280.690002,4013600,280.690002,11,TSLA,1.244266196307584,349.25308113010817
2018-05-02,311.649994,317.100006,310.399994,313.359985,5697100,313.359985,1,NFLX,1.2131726105137297,380.1597510329932
2018-05-03,312.589996,312.589996,305.730011,311.690002,6135800,311.690002,2,NFLX,1.2131726105137297,378.1337733973696
2018-05-04,308.709991,320.980011,307.670013,320.089996,8209500,320.089996,3,NFLX,1.2131726105137297,388.3244160466493
2018-05-07,321.98999,329.019989,319.339996,326.26001,7117800,326.26001,4,NFLX,1.2131726105137297,395.8097080379356
2018-05-08,325.899994,327.350006,323.049988,326.890015,4735700,326.890015,5,NFLX,1.2131726105137297,396.5740128484223
2018-05-09,328.790009,331.950012,327.51001,330.299988,5633400,330.299988,6,NFLX,1.2131726105137297,400.7108986946136
2018-05-10,331.5,332.059998,327.339996,329.600006,5302300,329.600006,7,NFLX,1.2131726105137297,399.861699704361
2018-05-11,329.649994,331.26001,324.869995,326.459991,4589700,326.459991,8,NFLX,1.2131726105137297,396.0523195097587
2018-05-14,327.25,330.5,327.040009,328.529999,4089800,328.529999,9,NFLX,1.2131726105137297,398.56359651890295
2018-05-15,325.940002,326.940002,322.429993,326.130005,4746100,326.130005,10,NFLX,1.2131726105137297,395.6519895327057
2018-05-16,326.279999,329.720001,325.140015,328.190002,3671700,328.190002,11,NFLX,1.2131726105137297,398.1511214708462
2018-05-02,227,228.800003,225.25,226.309998,6706200,225.330841,1,NVDA,1.6655737303417102,376.935987582485
2018-05-03,227.600006,234.050003,225.770004,232.990005,11078600,231.981949,2,NVDA,1.6655737303417102,388.0620317601837
2018-05-04,231.830002,239.190002,231.130005,239.059998,10016500,238.025681,3,NVDA,1.6655737303417102,398.1720526443418
2018-05-07,243.289993,250.990005,242.889999,248.679993,17190400,247.60405,4,NVDA,1.6655737303417102,414.1948636023604
2018-05-08,248.690002,250.509995,246.710007,250.399994,12665400,249.316605,5,NVDA,1.6655737303417102,417.05965208412186
2018-05-09,251.210007,255.869995,250.110001,255.779999,14919000,254.67334,6,NVDA,1.6655737303417102,426.0204470812289
2018-05-10,257.920013,260.5,257.200012,260.130005,24852000,259.004517,7,NVDA,1.6655737303417102,433.2657028016577
2018-05-11,252.779999,259.790009,250.539993,254.529999,30361400,253.428757,8,NVDA,1.6655737303417102,423.93847991830177
2018-05-14,256.070007,258.48999,254.399994,255.360001,13078500,254.255157,9,NVDA,1.6655737303417102,425.3209094456329
2018-05-15,252.789993,252.899994,241.5,245.559998,24088200,244.497559,10,NVDA,1.6655737303417102,408.9982818915629
2018-05-16,244,248.520004,242.509995,246.009995,13845700,244.945618,11,NVDA,1.6655737303417102,409.7477850734955
2018-05-02,30,31.219999,29.950001,30.549999,22481700,30.549999,1,TWTR,12.602841226252274,385.01678685916573
2018-05-03,30.209999,31.02,29.969999,30.67,19813500,30.67,2,TWTR,12.602841226252274,386.52914040915726
2018-05-04,30.219999,31.360001,29.85,31.040001,21035200,31.040001,3,TWTR,12.602841226252274,391.1922042657118
2018-05-07,31.059999,31.84,30.879999,31.33,18517500,31.33,4,TWTR,12.602841226252274,394.8470156184837
2018-05-08,31.200001,32.09,31.030001,31.85,19581200,31.85,5,TWTR,12.602841226252274,401.4004930561349
2018-05-09,32.07,32.790001,31.940001,32.459999,20726500,32.459999,6,TWTR,12.602841226252274,409.08821360130764
2018-05-10,32.709999,33.779999,32.580002,32.869999,20723500,32.869999,7,TWTR,12.602841226252274,414.255378504071
2018-05-11,32.939999,33.099998,32.25,32.75,14482600,32.75,8,TWTR,12.602841226252274,412.74305015976194
2018-05-14,33.07,33.580002,32.93,33.389999,18007000,33.389999,9,TWTR,12.602841226252274,420.80885594172224
2018-05-15,33.169998,33.169998,32.360001,32.75,15840800,32.75,10,TWTR,12.602841226252274,412.74305015976194
2018-05-16,32.75,33.220001,32.669998,32.77,10868700,32.77,11,TWTR,12.602841226252274,412.995106984287
2018-05-23,32.419998,32.529999,32.049999,32.330002,25966200,30.371387,1,T,12.552890076557363,405.83496128087967
2018-05-24,32.389999,32.810001,32.209999,32.779999,35254700,30.794123,2,T,12.552890076557363,411.48372415666023
2018-05-25,32.700001,32.720001,32.389999,32.509998,21816300,30.54048,3,T,12.552890076557363,408.09443128309977
2018-05-29,32.459999,32.490002,32.139999,32.330002,26957100,30.371387,4,T,12.552890076557363,405.83496128087967
2018-05-30,32.360001,32.639999,32.279999,32.57,24135800,30.596846,5,T,12.552890076557363,408.8476297934733
2018-05-31,32.52,32.549999,32.16,32.32,29417500,30.361992,6,T,12.552890076557363,405.70940727433396
2018-06-01,32.48,32.610001,32.360001,32.470001,23764300,30.502905,7,T,12.552890076557363,407.5923533387077
2018-06-04,32.580002,32.68,32.369999,32.41,18378700,30.446539,8,T,12.552890076557363,406.83916738122406
2018-06-05,32.41,32.709999,32.299999,32.68,23413300,30.700182,9,T,12.552890076557363,410.2284477018946
2018-06-06,32.77,33.560001,32.599998,33.380001,34143300,31.357777,10,T,12.552890076557363,419.0154833083748
2018-05-23,56.939999,57.279999,56.459999,57.02,2769900,57.02,1,TMUS,7.147254624577874,407.5364586934304
2018-05-24,57.16,57.369999,56.860001,56.98,2548900,56.98,2,TMUS,7.147254624577874,407.25056850844726
2018-05-25,57.099998,57.220001,56.580002,56.59,2051400,56.59,3,TMUS,7.147254624577874,404.46313920486193
2018-05-29,56.360001,57.150002,55.98,56.619999,2997800,56.619999,4,TMUS,7.147254624577874,404.6775496963446
2018-05-30,56.66,57.060001,56.200001,56.330002,4615900,56.330002,5,TMUS,7.147254624577874,402.6048672969809
2018-05-31,56.23,56.259998,55.23,55.700001,5888600,55.700001,6,TMUS,7.147254624577874,398.1020897362422
2018-06-01,56,57.049999,55.900002,56.869999,3314900,56.869999,7,TMUS,7.147254624577874,406.4643633524891
2018-06-04,56.799999,57.439999,56.619999,57.119999,3642300,57.119999,8,TMUS,7.147254624577874,408.25117700863353
2018-06-05,56.91,57.59,56.880001,57.16,1787300,57.16,9,TMUS,7.147254624577874,408.53707434087124
2018-06-06,57.34,57.630001,56.900002,57.599998,2853500,57.599998,10,TMUS,7.147254624577874,411.6818520811763
2018-05-23,32.700001,33.43,32.599998,33.419998,13407500,33.419998,1,TWTR,12.445402407669944,415.9253235735247
2018-05-24,33.439999,33.759998,33.119999,33.52,14491900,33.52,2,TWTR,12.445402407669944,417.1698887050965
2018-05-25,33.540001,33.990002,33.310001,33.630001,10424400,33.630001,3,TWTR,12.445402407669944,418.5388954153426
2018-05-29,33.419998,34.830002,33.349998,34.040001,22086700,34.040001,4,TWTR,12.445402407669944,423.64151040248726
2018-05-30,34.200001,34.66,34.080002,34.360001,14588200,34.360001,5,TWTR,12.445402407669944,427.62403917294165
2018-05-31,34.389999,34.970001,34.25,34.700001,14433200,34.700001,6,TWTR,12.445402407669944,431.85547599154944
2018-06-01,35.139999,36.689999,35.09,36.650002,29583100,36.650002,7,TWTR,12.445402407669944,456.12402313190825
2018-06-04,36.450001,37.98,35.950001,37.880001,32632800,37.880001,8,TWTR,12.445402407669944,471.43185564793987
2018-06-05,39.529999,40.16,39.189999,39.799999,66122200,39.799999,9,TWTR,12.445402407669944,495.32700337986137
2018-06-06,39.419998,40.23,39.209999,40.099998,147805700,40.099998,10,TWTR,12.445402407669944,499.06061165675993
2018-06-14,207.720001,211.119995,207.509995,210.860001,18838300,210.860001,1,BABA,2.13389489159225,449.95307897503676
2018-06-15,207.490005,210.080002,206.009995,208,28665600,208,2,BABA,2.13389489159225,443.850137451188
2018-06-18,205.160004,208.600006,203.880005,208.570007,14645200,208.570007,3,BABA,2.13389489159225,445.06647247665984
2018-06-19,203.529999,204.509995,199.5,204.429993,24484200,204.429993,4,BABA,2.13389489159225,436.23211775093944
2018-06-20,205.050003,207.229996,205.020004,206.229996,15559600,206.229996,5,BABA,2.13389489159225,440.07313495749014
2018-06-21,205.839996,206,201.039993,202.210007,13963800,202.210007,6,BABA,2.13389489159225,431.4949009661331
2018-06-22,203.380005,203.800003,200.25,202.009995,9585000,202.009995,7,BABA,2.13389489159225,431.068096381076
2018-06-25,197.850006,198.100006,187.860001,191.25,32750900,191.25,8,BABA,2.13389489159225,408.10739801701783
2018-06-26,193.339996,193.660004,188.419998,191.419998,20740400,191.419998,9,BABA,2.13389489159225,408.4701558807987
2018-06-27,193.460007,193.600006,184.889999,185.020004,23887000,185.020004,10,BABA,2.13389489159225,394.81324137797765
2018-06-28,183.199997,188.960007,182.039993,188.380005,19553800,188.380005,11,BABA,2.13389489159225,401.98313034762253
2018-06-14,13.336538,13.375,13.038462000000001,13.115385,63097900,12.833615,1,GE,33.2359604130725,435.9024166622048
2018-06-15,12.990385,13,12.788462000000001,12.788462000000001,100027300,12.62478,2,GE,33.2359604130725,425.036816776082
2018-06-18,12.701923,12.721154,12.596154,12.692307,71073800,12.529855,3,GE,33.2359604130725,421.84101300256293
2018-06-19,12.557693,12.567307,12.403846,12.451923,80989400,12.292547,4,GE,33.2359604130725,413.85161989462694
2018-06-20,12.269231,12.605769,12.259615,12.384615,100282600,12.226101,5,GE,33.2359604130725,411.6145738711439
2018-06-21,12.317307,12.326923,12.125,12.269231,73519800,12.112193,6,GE,33.2359604130725,407.7796758148419
2018-06-22,12.269231,12.576923,12.269231,12.548077,70665100,12.38747,7,GE,33.2359604130725,417.04739043218547
2018-06-25,12.528846,12.548077,12.25,12.259615,79892500,12.1027,8,GE,33.2359604130725,407.4600788195098
2018-06-26,12.942307,13.403846,12.875,13.211538,222386500,13.042439,9,GE,33.2359604130725,439.098153963803
2018-06-27,13.326923,13.884615,13.269231,13.423077,140816600,13.251271,10,GE,33.2359604130725,446.1288557936239
2018-06-28,13.403846,13.461538,13.153846,13.298077,67008200,13.127871,11,GE,33.2359604130725,441.97436074198987
2018-06-14,41.119999,43.959999,41.110001,43.75,28735700,43.75,1,JD,10.7794907537677,471.60272047733685
2018-06-15,42.810001,43.880001,42.049999,43.59,24615500,43.59,2,JD,10.7794907537677,469.87800195673407
2018-06-18,45.029999,45.23,43.119999,43.759998,45450800,43.759998,3,JD,10.7794907537677,471.7104938258931
2018-06-19,42,42.369999,40.889999,41.889999,27377500,41.889999,4,JD,10.7794907537677,451.5528568958382
2018-06-20,42.66,42.720001,41.360001,41.68,16169900,41.68,5,JD,10.7794907537677,449.2891746170377
2018-06-21,41.470001,41.59,40.41,40.82,14422100,40.82,6,JD,10.7794907537677,440.0188125687975
2018-06-22,41.139999,41.189999,40.369999,40.82,9409900,40.82,7,JD,10.7794907537677,440.0188125687975
2018-06-25,39.939999,40,38.799999,39.18,17566700,39.18,8,JD,10.7794907537677,422.3404477326185
2018-06-26,39.560001,39.759998,39.049999,39.470001,10262200,39.470001,9,JD,10.7794907537677,425.4665108307019
2018-06-27,39.5,40.209999,38.290001,38.389999,15704000,38.389999,10,JD,10.7794907537677,413.82463925765126
2018-06-28,38.41,38.98,37.93,38.93,9852700,38.93,11,JD,10.7794907537677,419.64557504417655
2018-07-06,244.479996,248.720001,243.220001,248.190002,1889700,248.190002,1,ADBE,1.7228445228074871,427.59278556127924
2018-07-09,249.899994,250.660004,246.369995,249.770004,2170700,249.770004,2,ADBE,1.7228445228074871,430.3148833530042
2018-07-10,250.470001,250.850006,248.210007,248.630005,2012400,248.630005,3,ADBE,1.7228445228074871,428.35084231984814
2018-07-11,246.649994,249.740005,245.850006,248.119995,1730600,248.119995,4,ADBE,1.7228445228074871,427.47217438477105
2018-07-12,249.940002,255.050003,249.380005,254.869995,2761600,254.869995,5,ADBE,1.7228445228074871,439.1013749137216
2018-07-13,254.639999,259.51001,253.490005,258.589996,3934100,258.589996,6,ADBE,1.7228445228074871,445.51035826141
2018-07-16,258.630005,259.040009,253.830002,254.679993,2165100,254.679993,7,ADBE,1.7228445228074871,438.7740310086991
2018-07-17,252.679993,258.679993,250.710007,258.309998,2552000,258.309998,8,ADBE,1.7228445228074871,445.02796524071294
2018-07-18,257.859985,260.940002,256.540009,259.779999,2637000,259.779999,9,ADBE,1.7228445228074871,447.5605484120844
2018-07-19,258,259.600006,256.359985,257.679993,1980200,257.679993,10,ADBE,1.7228445228074871,443.9425645771217
2018-07-20,258.170013,259.450012,256.73999,257.540009,2221800,257.540009,11,ADBE,1.7228445228074871,443.7013939094409
2018-07-06,38.279999,39.529999,38.16,39.459999,11616800,39.459999,1,JD,11.003161782856797,434.1847529483675
2018-07-09,39.990002,40.040001,39.290001,39.400002,9902600,39.400002,2,JD,11.003161782856797,433.52459625088136
2018-07-10,39.490002,39.959999,38.419998,38.59,10153700,38.59,3,JD,11.003161782856797,424.6120132004438
2018-07-11,37.860001,38.23,37.389999,37.950001,10935300,37.950001,4,JD,11.003161782856797,417.57000066257723
2018-07-12,38.27,38.77,38.009998,38.52,9926600,38.52,5,JD,11.003161782856797,423.8417918756438
2018-07-13,38.529999,38.77,37.959999,38.27,6937000,38.27,6,JD,11.003161782856797,421.09100142992963
2018-07-16,38.299999,38.310001,37.790001,38.040001,6270900,38.040001,7,JD,11.003161782856797,418.56028522303427
2018-07-17,37.700001,38.169998,37.599998,37.990002,8431800,37.990002,8,JD,11.003161782856797,418.0101381370532
2018-07-18,37.959999,38.09,37.049999,37.529999,15027500,37.529999,9,JD,11.003161782856797,412.94865070745374
2018-07-19,37.189999,37.240002,36.779999,36.880001,8132900,36.880001,10,JD,11.003161782856797,405.79661755492043
2018-07-20,36.849998,36.900002,35.259998,35.509998,30111000,35.509998,11,JD,11.003161782856797,390.7222529029213
2018-07-06,12.855769,13.365385,12.807693,13.317307,62423200,13.146855,1,GE,32.763580462949854,436.3226594443053
2018-07-09,13.403846,13.596154,13.375,13.413462000000001,69743500,13.241779,2,GE,32.763580462949854,439.4730415237203
2018-07-10,13.461538,13.634615,13.442307,13.625,62727700,13.450609,3,GE,32.763580462949854,446.40378380769175
2018-07-11,13.519231,13.740385,13.451923,13.451923,49156700,13.279748,4,GE,32.763580462949854,440.7331615919058
2018-07-12,13.509615,13.596154,13.394231,13.451923,41417400,13.279748,5,GE,32.763580462949854,440.7331615919058
2018-07-13,13.432693,13.528846,13.346154,13.355769,50445700,13.184825,6,GE,32.763580462949854,437.5828122760713
2018-07-16,13.355769,13.413462000000001,13.269231,13.365385,44574600,13.194317,7,GE,32.763580462949854,437.89786686580305
2018-07-17,13.317307,13.355769,13.125,13.163462000000001,61476000,12.994978,8,GE,32.763580462949854,431.28214640798285
2018-07-18,13.211538,13.278846,13.173077,13.221154,42676400,13.051933,9,GE,32.763580462949854,433.17234289205135
2018-07-19,13.192307,13.346154,13.096154,13.201923,77961300,13.032948,10,GE,32.763580462949854,432.5422664761683
2018-07-20,13.192307,13.25,12.480769,12.615385,178095200,12.453918,11,GE,32.763580462949854,413.3251815185906
2018-07-27,37.150002,37.365002,35.860001,36.209999,10426700,36.209999,1,JD,11.195592293920134,405.3923857672558
2018-07-30,36.18,36.290001,34.860001,35.16,13689200,35.16,2,JD,11.195592293920134,393.63702505423186
2018-07-31,35.189999,35.889999,34.900002,35.860001,14307800,35.860001,3,JD,11.195592293920134,401.47395085556826
2018-08-01,35.580002,36.889999,35.560001,36.279999,13061300,36.279999,4,JD,11.195592293920134,406.17607722783015
2018-08-02,35.400002,36.34,35.130001,36.290001,12221600,36.290001,5,JD,11.195592293920134,406.2880555419539
2018-08-03,36.48,36.714001,35.810001,36.169998,6754000,36.169998,6,JD,11.195592293920134,404.94455087990667
2018-08-06,36.060001,36.110001,35.529999,35.900002,9665800,35.900002,7,JD,11.195592293920134,401.9217857429174
2018-08-07,36.290001,36.700001,35.922001,36.5,9422900,36.5,8,JD,11.195592293920134,408.6391187280849
2018-08-08,36.57,36.799999,35.959999,36,8673200,36,9,JD,11.195592293920134,403.0413225811248
2018-08-09,36.27,36.622002,35.959999,36.02,8158400,36.02,10,JD,11.195592293920134,403.26523442700324
2018-08-10,35.619999,35.904999,35.470001,35.790001,8677600,35.790001,11,JD,11.195592293920134,400.69025939499386
2018-07-27,28.83,28.98,28.559999,28.700001,5939100,28.144606,1,KR,14.426509750618024,414.04084426924703
2018-07-30,28.709999,29.84,28.709999,29.719999,12226600,29.144865,2,KR,14.426509750618024,428.7558553618579
2018-07-31,29.700001,29.719999,28.889999,29,9100600,28.438799,3,KR,14.426509750618024,418.3687827679227
2018-08-01,29.360001,29.360001,28.58,28.690001,7644400,28.134796,4,KR,14.426509750618024,413.8965791717408
2018-08-02,28.620001,29.790001,28.620001,29.74,9660500,29.164478,5,KR,14.426509750618024,429.04439998338
2018-08-03,29.75,30.18,29.700001,29.93,7332900,29.350801,6,KR,14.426509750618024,431.7854368359975
2018-08-06,29.940001,30.200001,29.860001,29.91,5940400,29.331186,7,KR,14.426509750618024,431.4969066409851
2018-08-07,30.129999,30.379999,29.9,30,7375200,29.419445,8,KR,14.426509750618024,432.7952925185407
2018-08-08,29.969999,30.66,29.9,30.610001,6901500,30.017641,9,KR,14.426509750618024,441.5954778929275
2018-08-09,30.6,30.6,29.790001,29.82,6707500,29.242929,10,KR,14.426509750618024,430.1985207634295
2018-08-10,29.700001,30.299999,29.610001,30.139999,6361200,29.556736,11,KR,14.426509750618024,434.81498945711746
2018-07-27,37.25,37.470001,33.900002,34.119999,122752800,34.119999,1,TWTR,11.1655376136998,380.9681322138996
2018-07-30,34.169998,34.259998,31.07,31.379999,77852400,31.379999,2,TWTR,11.1655376136998,350.37455915236217
2018-07-31,31.950001,32.48,31.07,31.870001,64392200,31.870001,3,TWTR,11.1655376136998,355.8456949141503
2018-08-01,32.25,32.59,31.459999,31.91,33231700,31.91,4,TWTR,11.1655376136998,356.29230525316063
2018-08-02,31.58,32.869999,31.34,32.82,27088000,32.82,5,TWTR,11.1655376136998,366.45294448162747
2018-08-03,32.580002,32.990002,31.799999,31.959999,26317000,31.959999,6,TWTR,11.1655376136998,356.85057096830803
2018-08-06,31.82,33.040001,31.450001,32.98,27512400,32.98,7,TWTR,11.1655376136998,368.2394304998194
2018-08-07,33.099998,33.610001,32.549999,32.669998,24635600,32.669998,8,TWTR,11.1655376136998,364.77809150849725
2018-08-08,32.75,32.779999,31.809999,31.84,22539400,31.84,9,TWTR,11.1655376136998,355.51071762020166
2018-08-09,31.85,32.380001,31.610001,31.959999,17637600,31.959999,10,TWTR,11.1655376136998,356.85057096830803
2018-08-10,31.65,32.25,31.469999,32.009998,16073900,32.009998,11,TWTR,11.1655376136998,357.40883668345543
2018-08-17,31.83,32.445,31.07,32.220001,20065900,32.220001,1,JD,12.492555089910637,402.5101374894758
2018-08-20,32.610001,33.279999,32.599998,33.040001,15729400,33.040001,2,JD,12.492555089910637,412.75403266320245
2018-08-21,33.41,33.599998,32.459999,32.799999,12379400,32.799999,3,JD,12.492555089910637,409.7557944565138
2018-08-22,32.75,32.849998,32.310001,32.34,15485900,32.34,4,JD,12.492555089910637,404.00923160771003
2018-08-23,32.740002,33.049999,31.129999,31.389999,23523300,31.389999,5,JD,12.492555089910637,392.1412917797398
2018-08-24,31.549999,31.656,31.264999,31.4,12823200,31.4,6,JD,12.492555089910637,392.26622982319395
2018-08-27,31.98,32.805,31.77,32.669998,16679800,32.669998,7,JD,12.492555089910637,408.1317498022703
2018-08-28,32.98,32.990002,31.809999,32.16,14949800,32.16,8,JD,12.492555089910637,401.760571691526
2018-08-29,32.029999,32.389999,31.905001,31.950001,9591500,31.950001,9,JD,12.492555089910637,399.1371476151999
2018-08-30,31.65,31.82,30.761,31,15360700,31,10,JD,12.492555089910637,387.26920778722973
2018-08-31,30.66,31.459999,30.52,31.299999,10738200,31.299999,11,JD,12.492555089910637,391.01696182164784
2018-08-17,6,6.26,5.87,6.2,3082200,6.2,1,GPRO,66.27300475197593,410.8926294622508
2018-08-20,6.23,6.42,6.2,6.41,1943900,6.41,2,GPRO,66.27300475197593,424.8099604601657
2018-08-21,6.44,6.6,6.37,6.56,2928100,6.56,3,GPRO,66.27300475197593,434.7509111729621
2018-08-22,6.54,6.63,6.36,6.42,2005300,6.42,4,GPRO,66.27300475197593,425.47269050768546
2018-08-23,6.43,6.47,6.335,6.37,1258700,6.37,5,GPRO,66.27300475197593,422.1590402700867
2018-08-24,6.36,6.48,6.26,6.42,2268300,6.42,6,GPRO,66.27300475197593,425.47269050768546
2018-08-27,6.44,6.51,6.32,6.38,1847400,6.38,7,GPRO,66.27300475197593,422.8217703176064
2018-08-28,6.39,6.45,6.2,6.21,2005900,6.21,8,GPRO,66.27300475197593,411.55535950977054
2018-08-29,6.18,6.3,6.11,6.27,1310800,6.27,9,GPRO,66.27300475197593,415.53173979488906
2018-08-30,6.32,6.37,6.22,6.27,1465800,6.27,10,GPRO,66.27300475197593,415.53173979488906
2018-08-31,6.25,6.41,6.16,6.41,1522700,6.41,11,GPRO,66.27300475197593,424.8099604601657
2018-08-17,319.01001,324.369995,312.959991,316.779999,10407900,316.779999,1,NFLX,1.2464750824334807,394.85837536680293
2018-08-20,314.640015,331.600006,310.929993,327.730011,13591100,327.730011,2,NFLX,1.2464750824334807,408.50729247715054
2018-08-21,331,341.5,329.700012,338.019989,14783200,338.019989,3,NFLX,1.2464750824334807,421.33349365293924
2018-08-22,338.48999,346.209991,337.410004,344.440002,8930700,344.440002,4,NFLX,1.2464750824334807,429.33587988633826
2018-08-23,348.109985,350.079987,337.649994,339.170013,11336400,339.170013,5,NFLX,1.2464750824334807,422.7669699131397
2018-08-24,346,359.149994,344.540009,358.820007,14729100,358.820007,6,NFLX,1.2464750824334807,447.2601978041071
2018-08-27,367.149994,374.48999,360,364.579987,17427300,364.579987,7,NFLX,1.2464750824334807,454.43986934942234
2018-08-28,367.230011,369.98999,360.380005,368.48999,9222600,368.48999,8,NFLX,1.2464750824334807,459.31359066116244
2018-08-29,367.200012,369.859985,362.910004,368.040009,8118700,368.040009,9,NFLX,1.2464750824334807,458.752700557094
2018-08-30,365,376.809998,363.540009,370.980011,10981000,370.980011,10,NFLX,1.2464750824334807,462.4173397923986
2018-08-31,370.660004,376,367.079987,367.679993,7943400,367.679993,11,NFLX,1.2464750824334807,458.30394958381663
2018-09-10,11.884615,12.211538,11.875,12.028846,45109600,11.874885,1,GE,35.73614211498452,429.864550135263
2018-09-11,11.961538,11.990385,11.759615,11.855769,41760000,11.704024,2,GE,35.73614211498452,423.6794458664279
2018-09-12,11.826923,12.144231,11.759615,12.125,41793000,11.96981,3,GE,35.73614211498452,433.30072314418726
2018-09-13,12.182693,12.259615,11.951923,12.221154,56861700,12.064732,4,GE,35.73614211498452,436.7368961531115
2018-09-14,12.048077,12.259615,11.903846,12.192307,72768500,12.150972,5,GE,35.73614211498452,435.7060156615205
2018-09-17,12.125,12.394231,12.115385,12.211538,52698400,12.170138,6,GE,35.73614211498452,436.39325741053375
2018-09-18,12.182693,12.259615,12.076923,12.173077,44608500,12.131805,7,GE,35.73614211498452,435.0188096486494
2018-09-19,12.134615,12.490385,12.076923,12.365385,64586100,12.323463,8,GE,35.73614211498452,441.8911556664978
2018-09-20,12.105769,12.201923,11.884615,11.980769,91858600,11.940151,9,GE,35.73614211498452,428.14646363080095
2018-09-21,11.923077,12.076923,11.692307,11.701923,99235800,11.662251,10,GE,35.73614211498452,418.181583346606
2018-09-24,11.634615,11.634615,11.153846,11.288462000000001,154533400,11.250191,11,GE,35.73614211498452,403.4060822916024
2018-09-10,352.269989,352.5,343.079987,348.410004,5752200,348.410004,1,NFLX,1.205638583711077,420.0565437733307
2018-09-11,344.670013,356.149994,343.899994,355.929993,6198100,355.929993,2,NFLX,1.205638583711077,429.1229326608136
2018-09-12,359.079987,370.429993,356.23999,369.950012,10480800,369.950012,3,NFLX,1.205638583711077,446.026008511576
2018-09-13,371.910004,374.089996,366.839996,368.149994,8366100,368.149994,4,NFLX,1.205638583711077,443.8558373594015
2018-09-14,368.549988,371.089996,363.459991,364.559998,4756400,364.559998,5,NFLX,1.205638583711077,439.5275996664331
2018-09-17,364.220001,367.329987,349.570007,350.350006,7071900,350.350006,6,NFLX,1.205638583711077,422.39548503700735
2018-09-18,353.670013,368.149994,351.559998,367.649994,10414000,367.649994,7,NFLX,1.205638583711077,443.25301806754595
2018-09-19,373.950012,377.609985,359.170013,366.959991,11876800,366.959991,8,NFLX,1.205638583711077,442.42112382786956
2018-09-20,370.26001,370.26001,363.170013,365.359985,6768100,365.359985,9,NFLX,1.205638583711077,440.49209486010034
2018-09-21,366.589996,372.220001,360.73999,361.190002,11930600,361.190002,10,NFLX,1.205638583711077,435.46460246188104
2018-09-24,359,373.640015,354.329987,369.609985,9322500,369.609985,11,NFLX,1.205638583711077,445.6160588408724
2018-09-10,273.26001,286.029999,271,285.5,14283500,285.5,1,TSLA,1.5542350694559246,443.73411232966646
2018-09-11,279.470001,282,273.549988,279.440002,9170000,279.440002,2,TSLA,1.5542350694559246,434.3154509172337
2018-09-12,281.440002,292.5,278.649994,290.540009,10015400,290.540009,3,TSLA,1.5542350694559246,451.56747106783996
2018-09-13,288.019989,295,285.179993,289.459991,6340300,289.459991,4,TSLA,1.5542350694559246,449.88886921659633
2018-09-14,288.76001,297.329987,286.519989,295.200012,6765600,295.200012,5,TSLA,1.5542350694559246,458.8102111542098
2018-09-17,290.040009,300.869995,288.130005,294.839996,6887600,294.839996,6,TSLA,1.5542350694559246,458.2506616614445
2018-09-18,296.690002,302.640015,275.5,284.959991,16547500,284.959991,7,TSLA,1.5542350694559246,442.8948114040447
2018-09-19,280.51001,300,280.5,299.019989,8294900,299.019989,8,TSLA,1.5542350694559246,464.74735337212485
2018-09-20,303.559998,305.980011,293.329987,298.329987,7349400,298.329987,9,TSLA,1.5542350694559246,463.6749280657301
2018-09-21,297.700012,300.579987,295.369995,299.100006,5050500,299.100006,10,TSLA,1.5542350694559246,464.8717185996775
2018-09-24,298.480011,303,293.579987,299.679993,4843000,299.679993,11,TSLA,1.5542350694559246,465.77315473490603
2018-10-01,163.029999,165.880005,161.259995,162.440002,26407700,162.440002,1,FB,2.6882481832221585,436.6790402591038
2018-10-02,161.580002,162.279999,158.669998,159.330002,36031000,159.330002,2,FB,2.6882481832221585,428.3185884092829
2018-10-03,160,163.660004,159.529999,162.429993,23109500,162.429993,3,FB,2.6882481832221585,436.65213358303794
2018-10-04,161.460007,161.460007,157.350006,158.850006,25739600,158.850006,4,FB,2.6882481832221585,427.028240034329
2018-10-05,159.210007,160.899994,156.199997,157.330002,25744000,157.330002,5,FB,2.6882481832221585,422.94209204283857
2018-10-08,155.539993,158.339996,154.389999,157.25,24046000,157.25,6,FB,2.6882481832221585,422.7270268116844
2018-10-09,157.690002,160.589996,157.419998,157.899994,18844400,157.899994,7,FB,2.6882481832221585,424.47437200128974
2018-10-10,156.820007,157.690002,151.309998,151.380005,30610000,151.380005,8,FB,2.6882481832221585,406.9470234174113
2018-10-11,150.130005,154.809998,149.160004,153.350006,35338900,153.350006,9,FB,2.6882481832221585,412.2428750266071
2018-10-12,156.729996,156.889999,151.300003,153.740005,25293500,153.740005,10,FB,2.6882481832221585,413.29128912981554
2018-10-15,153.320007,155.570007,152.550003,153.520004,15433500,153.520004,11,FB,2.6882481832221585,412.6998718412585
2018-10-01,12.519231,12.567307,11.480769,11.625,320431000,11.585588,1,GE,35.00734978230375,406.96044121928105
2018-10-02,11.846154,12,11.317307,11.846154,154654000,11.805992,2,GE,35.00734978230375,414.7024566530367
2018-10-03,11.865385,12.144231,11.807693,12,86284700,11.959316,3,GE,35.00734978230375,420.088197387645
2018-10-04,11.932693,12.192307,11.865385,12.173077,77908500,12.131805,4,GE,35.00734978230375,426.1471644659167
2018-10-05,12.384615,12.788462000000001,12.365385,12.673077,157206800,12.630112,5,GE,35.00734978230375,443.6508393570686
2018-10-08,13,13.115385,12.75,13.086538,179555400,13.042171,6,GE,35.00734978230375,458.1250132054097
2018-10-09,13.182693,13.25,12.894231,13.028846,114866000,12.984674,7,GE,35.00734978230375,456.10536918176905
2018-10-10,12.875,13.134615,12.721154,12.769231,95620700,12.72594,8,GE,35.00734978230375,447.0169360680363
2018-10-11,12.615385,12.778846,12.173077,12.230769,120808300,12.189302,9,GE,35.00734978230375,428.16680848955747
2018-10-12,12.048077,12.336538,11.730769,11.846154,128136800,11.805992,10,GE,35.00734978230375,414.7024566530367
2018-10-15,11.778846,12.019231,11.673077,11.682693,65145800,11.643085,11,GE,35.00734978230375,408.98012025027157
2018-10-01,9.43,9.44,9.3,9.32,44864700,8.702553,1,F,46.47562021447087,433.1527803988685
2018-10-02,9.27,9.34,9.18,9.2,41806400,8.590503,2,F,46.47562021447087,427.575705973132
2018-10-03,9.27,9.31,9.13,9.13,47023100,8.525141,3,F,46.47562021447087,424.3224125581191
2018-10-04,9.13,9.22,9.09,9.15,38889600,8.543816,4,F,46.47562021447087,425.2519249624085
2018-10-05,9.15,9.22,9.1,9.12,36952200,8.515802,5,F,46.47562021447087,423.8576563559743
2018-10-08,9.1,9.28,9.09,9.26,43657700,8.646527,6,F,46.47562021447087,430.3642431860003
2018-10-09,9.23,9.31,8.95,8.95,58356900,8.357065,7,F,46.47562021447087,415.95680091951425
2018-10-10,8.95,8.98,8.81,8.82,54104100,8.235677,8,F,46.47562021447087,409.9149702916331
2018-10-11,8.82,8.99,8.76,8.81,66170800,8.22634,9,F,46.47562021447087,409.4502140894884
2018-10-12,8.95,8.95,8.55,8.64,59308500,8.067602,10,F,46.47562021447087,401.5493586530284
2018-10-15,8.67,8.85,8.66,8.81,40183200,8.22634,11,F,46.47562021447087,409.4502140894884
2018-10-22,23.860001,24.110001,23.299999,23.540001,13939900,23.540001,1,JD,17.19935952197457,404.8729403466409
2018-10-23,22.610001,23.59,22.33,23.23,17949600,23.23,2,JD,17.19935952197457,399.5411216954693
2018-10-24,23.18,23.200001,21.690001,21.76,22822200,21.76,3,JD,17.19935952197457,374.2580631981667
2018-10-25,22.049999,22.59,21.91,22.559999,13330200,22.559999,4,JD,17.19935952197457,388.01753361638686
2018-10-26,21.67,22.93,21.58,22.58,18085100,22.58,5,JD,17.19935952197457,388.3615380061858
2018-10-29,22.700001,23.02,21.690001,21.98,15114500,21.98,6,JD,17.19935952197457,378.0419222930011
2018-10-30,22.07,22.469999,21.700001,22.379999,12069100,22.379999,7,JD,17.19935952197457,384.9216489024314
2018-10-31,22.870001,23.59,22.57,23.52,19094100,23.52,8,JD,17.19935952197457,404.5289359568419
2018-11-01,23.719999,25.76,23.200001,25.450001,25744000,25.450001,9,JD,17.19935952197457,437.7237170336124
2018-11-02,25.540001,25.6,23.84,24.049999,26777600,24.049999,10,JD,17.19935952197457,413.6445793041289
2018-11-05,23.940001,24.459999,23.65,24.15,10519600,24.15,11,JD,17.19935952197457,415.3645324556859
2018-10-22,7.01,7.02,6.64,6.75,1337400,6.75,1,SPWR,58.54161703190768,395.15591496537684
2018-10-23,6.6,6.72,6.41,6.65,1794900,6.65,2,SPWR,58.54161703190768,389.3017532621861
2018-10-24,6.64,6.7,6.4,6.42,1578700,6.42,3,SPWR,58.54161703190768,375.8371813448473
2018-10-25,6.47,6.56,6.26,6.52,1694700,6.52,4,SPWR,58.54161703190768,381.69134304803805
2018-10-26,6.39,6.46,6.13,6.21,2122900,6.21,5,SPWR,58.54161703190768,363.5434417681467
2018-10-29,6.3,6.36,5.89,5.94,3480100,5.94,6,SPWR,58.54161703190768,347.73720516953165
2018-10-30,5.96,6.42,5.9,6.42,2387700,6.42,7,SPWR,58.54161703190768,375.8371813448473
2018-10-31,6.07,6.13,5.76,6.01,3444600,6.01,8,SPWR,58.54161703190768,351.8351183617651
2018-11-01,6,6.3,5.9,6.23,1837500,6.23,9,SPWR,58.54161703190768,364.7142741087849
2018-11-02,6.23,6.44,6.07,6.09,2041200,6.09,10,SPWR,58.54161703190768,356.51844772431775
2018-11-05,6.15,6.66,6.13,6.36,3356300,6.36,11,SPWR,58.54161703190768,372.32468432293285
2018-10-22,260.679993,261.859985,252.589996,260.950012,5600300,260.950012,1,TSLA,1.5742548197539377,410.8018141058479
2018-10-23,263.869995,297.929993,262.100006,294.140015,19027800,294.140015,2,TSLA,1.5742548197539377,463.05133629624555
2018-10-24,301.049988,304.440002,285.730011,288.5,20058300,288.5,3,TSLA,1.5742548197539377,454.172515499011
2018-10-25,317.220001,321,301.01001,314.859985,20840700,314.859985,4,TSLA,1.5742548197539377,495.66984893390253
2018-10-26,308.25,339.899994,306.649994,330.899994,27425500,330.899994,5,TSLA,1.5742548197539377,520.920910411049
2018-10-29,337.470001,347.160004,326.5,334.850006,14486000,334.850006,6,TSLA,1.5742548197539377,527.1392358401349
2018-10-30,328.390015,337.899994,322.26001,329.899994,9126700,329.899994,7,TSLA,1.5742548197539377,519.3466555912951
2018-10-31,332.540009,342,329.100006,337.320007,7624300,337.320007,8,TSLA,1.5742548197539377,531.027646819182
2018-11-01,338.26001,347.839996,334.730011,344.279999,8000100,344.279999,9,TSLA,1.5742548197539377,541.9844477706308
2018-11-02,343.73999,349.200012,340.910004,346.410004,7808000,346.410004,10,TSLA,1.5742548197539377,545.3376184079808
2018-11-05,340.5,343.959991,330.140015,341.399994,7831000,341.399994,11,TSLA,1.5742548197539377,537.4505860184654
2018-11-12,8.096154,8.125,7.423077,7.682693,254996400,7.656646,1,GE,54.55840731278432,419.1554939530769
2018-11-13,7.711538,8.701923,7.663462,8.278846,214048600,8.250778,2,GE,54.55840731278432,451.6806521478152
2018-11-14,8.423077,8.509615,7.875,8,176976500,7.972878,3,GE,54.55840731278432,436.46725850227455
2018-11-15,7.923077,8.269231,7.75,7.855769,133613800,7.829136,4,GE,54.55840731278432,428.5982448571443
2018-11-16,7.7692310000000004,7.884615,7.432693,7.711538,183673200,7.685394,5,GE,54.55840731278432,420.72923121201416
2018-11-19,7.682693,7.923077,7.490385,7.538462,154000300,7.512904,6,GE,54.55840731278432,411.2864803079467
2018-11-20,7.375,7.557693,7.240385,7.355769,149041800,7.330831,7,GE,54.55840731278432,401.31904120075217
2018-11-21,7.490385,7.625,7.432693,7.509615,87820500,7.484156,8,GE,54.55840731278432,409.7126339321948
2018-11-23,7.480769,7.557693,7.259615,7.278846,45209900,7.254169,9,GE,54.55840731278432,397.12224483503087
2018-11-26,7.317307,7.442307,6.980769,7.288462,164993700,7.263752,10,GE,54.55840731278432,397.6468784797506
2018-11-12,348.369995,349.779999,330.339996,331.279999,6941500,331.279999,1,TSLA,1.2679429168376801,420.0441282220437
2018-11-13,333.160004,344.700012,332.200012,338.730011,5448600,338.730011,2,TSLA,1.2679429168376801,429.49031816779944
2018-11-14,342.700012,347.109985,337.149994,344,5040300,344,3,TSLA,1.2679429168376801,436.17236339216197
2018-11-15,342.329987,348.579987,339.040009,348.440002,4625700,348.440002,4,TSLA,1.2679429168376801,441.80203247880706
2018-11-16,345.190002,355.700012,345.119995,354.309998,7206200,354.309998,5,TSLA,1.2679429168376801,449.24485232887264
2018-11-19,356.339996,366.75,352.880005,353.470001,9708900,353.470001,6,TSLA,1.2679429168376801,448.1797840825577
2018-11-20,341.75,349.799988,333.549988,347.48999,8004700,347.48999,7,TSLA,1.2679429168376801,440.59747149249625
2018-11-21,352,353.100006,337.399994,338.190002,4686800,338.190002,8,TSLA,1.2679429168376801,428.8056175812209
2018-11-23,334.350006,337.5,325.549988,325.829987,4202600,325.829987,9,TSLA,1.2679429168376801,413.1338241099634
2018-11-26,325,346.220001,325,346,7992100,346,10,TSLA,1.2679429168376801,438.70824922583733
2018-11-12,9.38,9.58,9.37,9.49,36317200,9.020474,1,F,47.090966694992325,446.89327393547717
2018-11-13,9.53,9.67,9.47,9.54,33098000,9.068002,2,F,47.090966694992325,449.2478222702267
2018-11-14,9.63,9.67,9.43,9.54,46677600,9.068002,3,F,47.090966694992325,449.2478222702267
2018-11-15,9.5,9.53,9.12,9.31,57170100,8.849382,4,F,47.090966694992325,438.4168999303786
2018-11-16,9.28,9.31,8.98,9.05,54582500,8.602244,5,F,47.090966694992325,426.17324858968055
2018-11-19,9.02,9.36,8.96,9.25,56292500,8.79235,6,F,47.090966694992325,435.591441928679
2018-11-20,9.1,9.22,9.01,9.06,35159900,8.611751,7,F,47.090966694992325,426.6441582566305
2018-11-21,9.05,9.2,8.98,9.11,25882700,8.659275,8,F,47.090966694992325,428.99870659138
2018-11-23,9.07,9.22,9.03,9.13,13520800,8.678287,9,F,47.090966694992325,429.94052592528
2018-11-26,9.23,9.53,9.17,9.4,46304400,8.934927,10,F,47.090966694992325,442.6550869329279
2018-12-04,7.451923,7.509615,7,7,138662900,6.976268,1,GE,57.21164029913334,400.4814820939334
2018-12-06,6.923077,7.105769,6.875,7.067307,117484300,7.043347,2,GE,57.21164029913334,404.3322259675471
2018-12-07,7.0192310000000004,7.096154,6.721154,6.740385,119059300,6.717533,3,GE,57.21164029913334,385.6284820976739
2018-12-10,6.701923,6.846154,6.490385,6.663462,117355400,6.640871,4,GE,57.21164029913334,381.2275910909437
2018-12-11,6.7692310000000004,6.855769,6.403846,6.5,129563800,6.477963,5,GE,57.21164029913334,371.87566194436675
2018-12-12,6.576923,6.759615,6.442307,6.451923,110052800,6.430049,6,GE,57.21164029913334,369.1250979137053
2018-12-13,7.201923,7.211538,6.846154,6.923077,215573200,6.899606,7,GE,57.21164029913334,396.0805910872032
2018-12-14,6.807693,6.971154,6.730769,6.826923,133952700,6.803778,8,GE,57.21164029913334,390.5794630258803
2018-12-17,6.817307,6.951923,6.740385,6.875,134920300,6.851692,9,GE,57.21164029913334,393.3300270565417
2018-12-18,6.903846,7.336538,6.884615,7,152644400,6.976268,10,GE,57.21164029913334,400.4814820939334
2018-12-04,33.279999,34.16,32.5,32.560001,22472000,32.560001,1,TWTR,12.810599489886963,417.113132201319
2018-12-06,32.459999,32.970001,31.110001,32.959999,25922800,32.959999,2,TWTR,12.810599489886963,422.23734637607487
2018-12-07,32.84,34.369999,32.669998,32.830002,29497100,32.830002,3,TWTR,12.810599489886963,420.572006874188
2018-12-10,32.73,33.639999,32.259998,33.43,19971100,33.43,4,TWTR,12.810599489886963,428.2583409469212
2018-12-11,34.130001,35.75,33.880001,34.450001,30118600,34.450001,5,TWTR,12.810599489886963,441.32516523720534
2018-12-12,34.970001,37.139999,34.849998,36.25,32608500,36.25,6,TWTR,12.810599489886963,464.3842315084024
2018-12-13,36.400002,36.490002,35.299999,35.889999,22831600,35.889999,7,TWTR,12.810599489886963,459.77240288144367
2018-12-14,35.25,36.619999,35.049999,35.869999,19528500,35.869999,8,TWTR,12.810599489886963,459.51619089164586
2018-12-17,35.68,35.700001,33.200001,33.43,23880900,33.43,9,TWTR,12.810599489886963,428.2583409469212
2018-12-18,33.630001,34.169998,33.080002,33.740002,18885100,33.740002,10,TWTR,12.810599489886963,432.2296524099851
2018-12-04,9.55,9.6,9.18,9.18,57930300,8.725813,1,F,44.642590388778906,409.81897976899035
2018-12-06,9.12,9.12,8.92,9.02,53963600,8.57373,2,F,44.642590388778906,402.6761653067857
2018-12-07,9.02,9.13,8.8,8.82,43534800,8.383623,3,F,44.642590388778906,393.74764722902995
2018-12-10,8.83,8.85,8.38,8.52,56499700,8.098467,4,F,44.642590388778906,380.35487011239627
2018-12-11,8.72,8.8,8.5,8.54,42294500,8.117477,5,F,44.642590388778906,381.24772192017184
2018-12-12,8.64,8.73,8.59,8.64,40602700,8.21253,6,F,44.642590388778906,385.71198095904975
2018-12-13,8.67,8.7,8.46,8.5,34200400,8.079456,7,F,44.642590388778906,379.4620183046207
2018-12-14,8.52,8.68,8.46,8.52,35613300,8.098467,8,F,44.642590388778906,380.35487011239627
2018-12-17,8.48,8.72,8.41,8.5,44469900,8.079456,9,F,44.642590388778906,379.4620183046207
2018-12-18,8.55,8.68,8.41,8.47,38263000,8.050941,10,F,44.642590388778906,378.12274059295737
2018-12-27,4.89,4.95,4.6,4.94,1828700,4.94,1,SPWR,82.53809646195474,407.73819652205646
2018-12-28,4.95,5.12,4.83,5.06,1951100,5.06,2,SPWR,82.53809646195474,417.64276809749094
2018-12-31,5.06,5.14,4.89,4.97,1637700,4.97,3,SPWR,82.53809646195474,410.21433941591505
2019-01-02,4.87,5.18,4.8,5.07,1181200,5.07,4,SPWR,82.53809646195474,418.4681490621105
2019-01-03,5.03,5.26,4.96,5.04,1624500,5.04,5,SPWR,82.53809646195474,415.99200616825186
2019-01-04,5.1,5.48,5.1,5.32,1708000,5.32,6,SPWR,82.53809646195474,439.10267317759923
2019-01-07,5.34,5.6,5.24,5.48,1516600,5.48,7,SPWR,82.53809646195474,452.308768611512
2019-01-08,5.42,5.44,5.15,5.22,2427300,5.22,8,SPWR,82.53809646195474,430.8488635314037
2019-01-09,5.27,5.48,5.26,5.34,1734300,5.34,9,SPWR,82.53809646195474,440.7534351068383
2019-01-10,5.33,5.55,5.3,5.42,1212500,5.42,10,SPWR,82.53809646195474,447.3564828237947
2018-12-27,27.809999,28.16,27.17,28.15,58571200,27.25502,1,T,14.513171744413173,408.5457846052308
2018-12-28,28.190001,28.799999,28.17,28.459999,50588300,27.555164,2,T,14.513171744413173,413.04485333282713
2018-12-31,28.57,28.639999,28.09,28.540001,52861500,27.632622,3,T,14.513171744413173,414.20593609872367
2019-01-02,28.5,29.59,28.299999,29.540001,39294000,28.60083,4,T,14.513171744413173,428.7191078431369
2019-01-03,29.52,29.809999,29.209999,29.58,37603600,28.639557,5,T,14.513171744413173,429.29962019974164
2019-01-04,29.959999,30.379999,29.889999,30.34,42072400,29.375393,6,T,14.513171744413173,440.32963072549563
2019-01-07,30.73,31.27,30.42,30.889999,41070900,29.907906,7,T,14.513171744413173,448.31186067175116
2019-01-08,31.309999,31.379999,31.030001,31.280001,43567300,30.285509,8,T,14.513171744413173,453.9720266784158
2019-01-09,30.879999,30.879999,29.969999,30.1,44305300,29.626059,9,T,14.513171744413173,436.8464695068365
2019-01-10,30.049999,30.48,29.82,30.4,32015600,29.921333,10,T,14.513171744413173,441.20042103016044
2018-12-27,7.82,7.85,7.53,7.85,49813000,7.461615,1,F,51.612697148204425,405.1596726134047
2018-12-28,7.83,8.04,7.76,7.81,47331700,7.423594,2,F,51.612697148204425,403.0951647274765
2018-12-31,7.85,7.86,7.5,7.65,57816000,7.271511,3,F,51.612697148204425,394.83713318376385
2019-01-02,7.53,8.02,7.48,7.9,47494400,7.509141,4,F,51.612697148204425,407.74030747081497
2019-01-03,7.97,7.99,7.78,7.78,39172400,7.395079,5,F,51.612697148204425,401.54678381303046
2019-01-04,7.91,8.12,7.85,8.08,43039800,7.680236,6,F,51.612697148204425,417.03059295749176
2019-01-07,8.11,8.37,8.03,8.29,40729400,7.879846,7,F,51.612697148204425,427.86925935861467
2019-01-08,8.42,8.54,8.35,8.37,45644000,7.955889,8,F,51.612697148204425,431.998275130471
2019-01-09,8.45,8.77,8.36,8.72,48404900,8.288571,9,F,51.612697148204425,450.06271913234264
2019-01-10,8.71,8.77,8.45,8.67,39490400,8.241046,10,F,51.612697148204425,447.4820842749324
2019-01-18,8.875,8.894231,8.682693,8.711538,96443800,8.693952,1,GE,50.17986809873756,437.14382777713996
2019-01-22,8.634615,8.644231,8.230769,8.326923,112498800,8.310113,2,GE,50.17986809873756,417.8438978083441
2019-01-23,8.355769,8.5,8.278846,8.394231,75281300,8.377285,3,GE,50.17986809873756,421.22140437033386
2019-01-24,8.298077,8.625,8.278846,8.442307,93944800,8.425264,4,GE,50.17986809873756,423.63385170904877
2019-01-25,8.509615,8.855769,8.5,8.807693,116798800,8.789912,5,GE,50.17986809873756,441.9688729941741
2019-01-28,8.634615,8.653846,8.4134620000000009,8.586538,95301300,8.569204,6,GE,50.17986809873756,430.87134426479776
2019-01-29,8.557693,8.778846,8.317307,8.557693,119046400,8.540417,7,GE,50.17986809873756,429.42390596948974
2019-01-30,8.634615,8.923077,8.5384620000000009,8.75,89891900,8.732336,8,GE,50.17986809873756,439.07384586395364
2019-01-31,9.557693,10.355769,9.384615,9.769231,362585000,9.74951,9,GE,50.17986809873756,490.218723006098
2019-02-01,9.807693,10.028846,9.576923,9.798077,164488200,9.778297,10,GE,50.17986809873756,491.66621148127416
2019-01-18,64.809998,64.809998,63.860001,64.699997,9835200,64.066872,1,SBUX,6.871568324632503,444.59044998901794
2019-01-22,64.900002,66.209999,64.75,65.389999,16414300,64.750122,2,SBUX,6.871568324632503,449.3318458761511
2019-01-23,65.879997,66.699997,65.809998,66.43,12372400,65.779945,3,SBUX,6.871568324632503,456.47828380533724
2019-01-24,66.610001,66.760002,62.93,64.739998,29719800,64.106483,4,SBUX,6.871568324632503,444.8653195935716
2019-01-25,67.029999,67.690002,66.099998,67.089996,21885800,66.433479,5,SBUX,6.871568324632503,461.01349141332133
2019-01-28,66.190002,66.959999,65.910004,66.900002,11537700,66.245346,6,SBUX,6.871568324632503,459.7079346610511
2019-01-29,67,67.5,66.199997,67.040001,10703400,66.38398,7,SBUX,6.871568324632503,460.66994735493137
2019-01-30,67.110001,68.209999,67.050003,68.150002,11702500,67.483116,8,SBUX,6.871568324632503,468.2973950668417
2019-01-31,68.18,69.489998,67.080002,68.139999,24233300,67.473213,9,SBUX,6.871568324632503,468.22865876889045
2019-02-01,68.589996,69.32,68,68.110001,10309200,67.443504,10,SBUX,6.871568324632503,468.02252546228806
2019-01-18,8.39,8.6,8.33,8.58,51127900,8.155498,1,F,53.08061136785409,455.4316455361881
2019-01-22,8.54,8.61,8.46,8.5,47182600,8.079456,2,F,53.08061136785409,451.18519662675976
2019-01-23,8.54,8.54,8.28,8.34,45196900,7.927372,3,F,53.08061136785409,442.6922988079031
2019-01-24,8.32,8.68,8.22,8.6,79516400,8.174509,4,F,53.08061136785409,456.49325776354516
2019-01-25,8.74,8.96,8.73,8.86,53098800,8.421645,5,F,53.08061136785409,470.2942167191872
2019-01-28,8.8,8.8,8.58,8.66,42116300,8.23154,6,F,53.08061136785409,459.6780944456164
2019-01-29,8.71,8.79,8.62,8.76,30485000,8.326593,7,F,53.08061136785409,464.9861555824018
2019-01-30,8.66,8.72,8.52,8.71,29906100,8.423301,8,F,53.08061136785409,462.3321250140092
2019-01-31,8.62,8.82,8.6,8.8,39389100,8.510338,9,F,53.08061136785409,467.109380037116
2019-02-01,8.77,8.81,8.62,8.72,34124000,8.432972,10,F,53.08061136785409,462.8629311276877
2019-02-11,167.899994,168.300003,165.080002,165.789993,12811200,165.789993,1,FB,2.824204325802914,468.22481540543487
2019-02-12,166.860001,168.339996,164.5,165.039993,16292300,165.039993,2,FB,2.824204325802914,466.1066621610827
2019-02-13,165.380005,166.220001,163.729996,164.070007,14205100,164.070007,3,FB,2.824204325802914,463.3672235039144
2019-02-14,163.190002,164.869995,162.25,163.949997,12755200,163.949997,4,FB,2.824204325802914,463.02829074277474
2019-02-15,164.509995,164.699997,160.860001,162.5,15504400,162.5,5,FB,2.824204325802914,458.93320294297354
2019-02-19,160.5,164.149994,160.330002,162.289993,14345400,162.289993,6,FB,2.824204325802914,458.34010026512465
2019-02-20,162.25,163.720001,161.25,162.559998,11770700,162.559998,7,FB,2.824204325802914,459.10264955411304
2019-02-21,161.929993,162.240005,159.589996,160.039993,15607800,160.039993,8,FB,2.824204325802914,451.9856405320681
2019-02-22,160.580002,162.410004,160.309998,161.889999,15858500,161.889999,9,FB,2.824204325802914,457.2104354800294
2019-02-25,163.070007,166.070007,162.899994,164.619995,18737100,164.619995,10,FB,2.824204325802914,464.920501992654
2019-02-11,9.490385,9.759615,9.451923,9.644231,73515000,9.624762,1,GE,49.96466311504573,481.8707529186806
2019-02-12,9.682693,9.759615,9.528846,9.596154,69807100,9.576782,2,GE,49.96466311504573,479.46860181009856
2019-02-13,9.596154,10.019231,9.567307,9.971154,102894400,9.951025,3,GE,49.96466311504573,498.2053504782407
2019-02-14,9.894231,9.903846,9.567307,9.653846,97122500,9.634357,4,GE,49.96466311504573,482.3511631545318
2019-02-15,9.730769,9.884615,9.673077,9.701923,81478200,9.682338,5,GE,49.96466311504573,484.75331426311385
2019-02-19,9.644231,9.759615,9.567307,9.740385,66111100,9.720722,6,GE,49.96466311504573,486.67505513584473
2019-02-20,9.701923,9.740385,9.625,9.711538,50594500,9.691934,7,GE,49.96466311504573,485.23372449896493
2019-02-21,9.644231,9.807693,9.615385,9.644231,51514500,9.624762,8,GE,49.96466311504573,481.8707529186806
2019-02-22,9.6634620000000009,9.7884620000000009,9.605769,9.778846,52770900,9.759105,9,GE,49.96466311504573,488.59674604391245
2019-02-25,11.125,11.298077,10.365385,10.403846,301841600,10.382843,10,GE,49.96466311504573,519.8246604908161
2019-02-11,350,352.869995,344.809998,345.730011,5454900,345.730011,1,NFLX,1.3548111124488094,468.3988608098491
2019-02-12,348.089996,360,346.519989,359.970001,10429400,359.970001,2,NFLX,1.3548111124488094,487.69135750300904
2019-02-13,357.299988,359.600006,350.279999,351.769989,10559100,351.769989,3,NFLX,1.3548111124488094,476.5818901231954
2019-02-14,351.75,360.450012,348.329987,359.070007,9295300,359.070007,4,NFLX,1.3548111124488094,486.4720356306717
2019-02-15,358.470001,364.399994,355.5,356.869995,9230000,356.869995,5,NFLX,1.3548111124488094,483.49143492555106
2019-02-19,355.799988,365,355.320007,361.920013,7396600,361.920013,6,NFLX,1.3548111124488094,490.3332554300175
2019-02-20,364.850006,366.709991,356.700012,359.910004,8110700,359.910004,7,NFLX,1.3548111124488094,487.61007290069546
2019-02-21,360.029999,362.850006,353.880005,356.970001,6227900,356.970001,8,NFLX,1.3548111124488094,483.6269241656626
2019-02-22,360.339996,366.130005,360.049988,363.019989,7088200,363.019989,9,NFLX,1.3548111124488094,491.82351513824455
2019-02-25,367.01001,371.48999,363.790009,363.910004,7569300,363.910004,10,NFLX,1.3548111124488094,493.02931735049066
2019-03-05,39.18,39.25,38.759998,38.93,12449100,38.731907,1,AMAT,12.57252407549737,489.4483622591126
2019-03-06,38.880001,38.939999,37.66,38.07,12557800,37.876282,2,AMAT,12.57252407549737,478.63599155418484
2019-03-07,37.950001,37.950001,37.049999,37.57,9831700,37.378826,3,AMAT,12.57252407549737,472.3497295164362
2019-03-08,36.84,37.84,36.799999,37.740002,8174400,37.547962,4,AMAT,12.57252407549737,474.48708375431886
2019-03-11,37.950001,38.889999,37.810001,38.509998,7199500,38.314041,5,AMAT,12.57252407549737,484.16787700235557
2019-03-12,38.700001,39.029999,38.32,38.709999,6267600,38.513023,6,AMAT,12.57252407549737,486.68239438997915
2019-03-13,38.939999,39.099998,38.560001,38.599998,6404400,38.403584,7,AMAT,12.57252407549737,485.2994041691503
2019-03-14,38.700001,39.830002,38.700001,38.93,9491100,38.731907,8,AMAT,12.57252407549737,489.4483622591126
2019-03-15,39.349998,41.029999,39.299999,40.389999,23021500,40.184479,9,AMAT,12.57252407549737,507.8042348368147
2019-03-18,40.41,40.709999,39.91,40,7670800,39.796463,10,AMAT,12.57252407549737,502.9009630198948
2019-03-19,40.200001,40.740002,40.169998,40.369999,7134500,40.164577,11,AMAT,12.57252407549737,507.55278435530477
2019-03-05,167.369995,171.880005,166.550003,171.259995,28187900,171.259995,1,FB,2.943129043398651,504.04026525680774
2019-03-06,172.899994,173.570007,171.270004,172.509995,21531700,172.509995,2,FB,2.943129043398651,507.71917656105603
2019-03-07,171.5,171.740005,167.610001,169.130005,18306500,169.130005,3,FB,2.943129043398651,497.7714298256591
2019-03-08,166.199997,169.619995,165.970001,169.600006,13184800,169.600006,4,FB,2.943129043398651,499.15470341918547
2019-03-11,171.600006,174.300003,171.580002,172.070007,18884000,172.070007,5,FB,2.943129043398651,506.42423509950913
2019-03-12,172.089996,173.800003,171.220001,171.919998,12155300,171.919998,6,FB,2.943129043398651,505.98273925483795
2019-03-13,172.320007,174.029999,172.119995,173.369995,11973300,173.369995,7,FB,2.943129043398651,510.2502675383788
2019-03-14,169.759995,171.149994,168.160004,170.169998,18037400,170.169998,8,FB,2.943129043398651,500.8322634288903
2019-03-15,167.160004,167.580002,162.509995,165.979996,37135400,165.979996,9,FB,2.943129043398651,488.50054685079186
2019-03-18,163.570007,163.899994,159.279999,160.470001,37524200,160.470001,10,FB,2.943129043398651,472.2839205373105
2019-03-19,161.479996,163.820007,160.820007,161.570007,25611500,161.570007,11,FB,2.943129043398651,475.5213801438233
2019-03-05,10.38,10.57,9.58,9.89,178783600,9.870035,1,GE,47.455827868784866,469.3381376222824
2019-03-06,9.26,9.64,9.05,9.11,205777700,9.091609,2,GE,47.455827868784866,432.32259188463007
2019-03-07,9.08,9.45,9.07,9.45,127481100,9.430923,3,GE,47.455827868784866,448.45757336001697
2019-03-08,9.33,9.68,9.28,9.58,87518700,9.570788,4,GE,47.455827868784866,454.626830982959
2019-03-11,9.45,10.02,9.33,9.9,106050400,9.89048,5,GE,47.455827868784866,469.8126959009702
2019-03-12,9.93,10.14,9.66,9.76,99369500,9.750615,6,GE,47.455827868784866,463.1688799993403
2019-03-13,9.73,10.05,9.7,10.02,74164500,10.010365,7,GE,47.455827868784866,475.50739524522436
2019-03-14,10.3,10.5,10.2,10.3,133870800,10.290096,8,GE,47.455827868784866,488.79502704848414
2019-03-15,10.29,10.45,9.9,9.96,189194100,9.950423,9,GE,47.455827868784866,472.6600455730973
2019-03-18,9.99,10.31,9.97,10.2,91647500,10.190192,10,GE,47.455827868784866,484.0494442616056
2019-03-19,10.22,10.34,10.14,10.19,54680900,10.180202,11,GE,47.455827868784866,483.57488598291775
2019-03-26,6.55,6.68,6.5,6.57,1968400,6.57,1,GPRO,74.63862852325933,490.37578939781383
2019-03-27,6.56,6.62,6.47,6.59,2053100,6.59,2,GPRO,74.63862852325933,491.868561968279
2019-03-28,6.62,6.7,6.505,6.52,2972300,6.52,3,GPRO,74.63862852325933,486.6438579716508
2019-03-29,6.52,6.57,6.37,6.5,4448700,6.5,4,GPRO,74.63862852325933,485.15108540118564
2019-04-01,6.51,6.575,6.48,6.56,1953900,6.56,5,GPRO,74.63862852325933,489.62940311258114
2019-04-02,6.55,6.68,6.41,6.63,2425800,6.63,6,GPRO,74.63862852325933,494.85410710920934
2019-04-03,6.65,6.79,6.61,6.66,2247100,6.66,7,GPRO,74.63862852325933,497.0932659649071
2019-04-04,6.68,6.719,6.55,6.67,1934600,6.67,8,GPRO,74.63862852325933,497.8396522501397
2019-04-05,6.69,6.75,6.6,6.68,2153600,6.68,9,GPRO,74.63862852325933,498.58603853537227
2019-04-08,6.67,6.74,6.54,6.58,2444000,6.58,10,GPRO,74.63862852325933,491.1221756830464
2019-04-09,6.65,6.74,6.6,6.66,3120200,6.66,11,GPRO,74.63862852325933,497.0932659649071
2019-03-26,6.2,6.25,6.11,6.22,1176300,6.22,1,SPWR,78.85209948828204,490.46005881711426
2019-03-27,6.21,6.32,6.14,6.25,1138200,6.25,2,SPWR,78.85209948828204,492.82562180176274
2019-03-28,6.32,6.49,6.26,6.44,1586500,6.44,3,SPWR,78.85209948828204,507.80752070453633
2019-03-29,6.49,6.62,6.47,6.51,1672100,6.51,4,SPWR,78.85209948828204,513.327167668716
2019-04-01,6.55,6.79,6.52,6.77,1838500,6.77,5,SPWR,78.85209948828204,533.8287135356693
2019-04-02,6.76,6.97,6.69,6.9,1663300,6.9,6,SPWR,78.85209948828204,544.0794864691461
2019-04-03,6.91,7.43,6.91,7.24,3074800,7.24,7,SPWR,78.85209948828204,570.8892002951619
2019-04-04,7.22,7.43,7.19,7.3,1990800,7.3,8,SPWR,78.85209948828204,575.6203262644589
2019-04-05,7.31,7.45,7.28,7.4,1922400,7.4,9,SPWR,78.85209948828204,583.5055362132871
2019-04-08,7.34,7.67,7.29,7.62,2186400,7.62,10,SPWR,78.85209948828204,600.8529981007091
2019-04-09,7.6,7.67,7.44,7.47,1262000,7.47,11,SPWR,78.85209948828204,589.0251831774668
2019-03-26,264.440002,270.26001,264.429993,267.769989,7350900,267.769989,1,TSLA,1.8487483479422626,495.03932479226785
2019-03-27,268.75,275.369995,268.179993,274.829987,8779200,274.829987,2,TSLA,1.8487483479422626,508.09148443124354
2019-03-28,277.160004,280.329987,275.100006,278.619995,6774100,278.619995,3,TSLA,1.8487483479422626,515.0982554599315
2019-03-29,278.700012,280.160004,274.5,279.859985,5991300,279.859985,4,TSLA,1.8487483479422626,517.3906849238964
2019-04-01,282.619995,289.200012,281.279999,289.179993,8110400,289.179993,5,TSLA,1.8487483479422626,534.6210343167052
2019-04-02,288.299988,289.440002,283.880005,285.880005,5478900,285.880005,6,TSLA,1.8487483479422626,528.5201869534758
2019-04-03,287.320007,296.170013,287.170013,291.809998,7929900,291.809998,7,TSLA,1.8487483479422626,539.483251715535
2019-04-04,261.890015,271.200012,260.589996,267.779999,23720700,267.779999,8,TSLA,1.8487483479422626,495.0578307632307
2019-04-05,269.859985,276.100006,266.109985,274.959991,13038300,274.959991,9,TSLA,1.8487483479422626,508.3318291114694
2019-04-08,277.690002,281.160004,270.440002,273.200012,10410400,273.200012,10,TSLA,1.8487483479422626,505.07807084280637
2019-04-09,271.649994,275,269.609985,272.309998,5904000,272.309998,11,TSLA,1.8487483479422626,503.43265893066086
2019-04-16,186.279999,188.970001,184.960007,188.210007,9874100,187.995422,1,NVDA,4.266564087948687,803.010056858771
2019-04-17,189.619995,190.460007,186.389999,187.289993,8775100,187.076462,2,NVDA,4.266564087948687,799.084758165961
2019-04-18,187.559998,188.929993,185.179993,186.300003,9524700,186.087601,3,NVDA,4.266564087948687,794.8609023845327
2019-04-22,185.350006,189.100006,184.080002,188.470001,6998400,188.255127,4,NVDA,4.266564087948687,804.1193379222532
2019-04-23,189,191.929993,188.610001,190.669998,8671400,190.452606,5,NVDA,4.266564087948687,813.505766116048
2019-04-24,191.089996,192.809998,188.639999,191.169998,7955100,190.952042,6,NVDA,4.266564087948687,815.6390481600223
2019-04-25,189.550003,190.449997,183.699997,186.910004,12482400,186.696899,7,NVDA,4.266564087948687,797.4635107447455
2019-04-26,180.710007,180.889999,173.300003,178.089996,21724700,177.886948,8,NVDA,4.266564087948687,759.8323813565254
2019-04-29,178.410004,180.449997,175.5,179.330002,9798000,179.125549,9,NVDA,4.266564087948687,765.1229464249662
2019-04-30,178.029999,182.029999,177.259995,181,9073000,180.79364,10,NVDA,4.266564087948687,772.2480999187123
2019-04-16,265.75,275,264.720001,273.359985,7272900,273.359985,1,TSLA,2.990688820457262,817.5346510998648
2019-04-17,274.75,274.790009,268.540009,271.230011,5126500,271.230011,2,TSLA,2.990688820457262,811.1645616702002
2019-04-18,271.230011,274.839996,269.75,273.26001,5876300,273.26001,3,TSLA,2.990688820457262,817.2356569850397
2019-04-22,269,269.679993,262.480011,262.75,12147100,262.75,4,TSLA,2.990688820457262,785.8034875751456
2019-04-23,260.149994,265.600006,255.75,263.899994,10943900,263.899994,5,TSLA,2.990688820457262,789.2427617745385
2019-04-24,263.850006,265.320007,258,258.660004,10727500,258.660004,6,TSLA,2.990688820457262,773.5715822622308
2019-04-25,255,259,246.070007,247.630005,21849400,247.630005,7,TSLA,2.990688820457262,740.584287563276
2019-04-26,246.5,246.679993,231.130005,235.139999,22360700,235.139999,8,TSLA,2.990688820457262,703.2305662516318
2019-04-29,235.860001,243.979996,232.169998,241.470001,16714500,241.470001,9,TSLA,2.990688820457262,722.1616324665039
2019-04-30,242.059998,244.210007,237,238.690002,9464600,238.690002,10,TSLA,2.990688820457262,713.8475205363216
2019-05-08,10.08,10.25,10.08,10.16,47349300,10.15023,1,GE,49.143373692296095,499.29667671372835
2019-05-09,10.11,10.21,10.02,10.04,59499800,10.030346,2,GE,49.143373692296095,493.39947187065275
2019-05-10,10.02,10.18,9.77,10.13,63130200,10.120259,3,GE,49.143373692296095,497.82237550295946
2019-05-13,9.85,10.07,9.82,9.87,60136000,9.86051,4,GE,49.143373692296095,485.04509834296243
2019-05-14,9.94,10.35,9.91,10.32,70520500,10.310077,5,GE,49.143373692296095,507.1596165044957
2019-05-15,10.15,10.39,10.12,10.26,53716400,10.250134,6,GE,49.143373692296095,504.21101408295794
2019-05-16,10.22,10.29,10.06,10.13,54505500,10.120259,7,GE,49.143373692296095,497.82237550295946
2019-05-17,10.01,10.16,9.98,10,37062500,9.990385,8,GE,49.143373692296095,491.433736922961
2019-05-20,9.91,10.06,9.78,9.88,52207100,9.8705,9,GE,49.143373692296095,485.53653207988543
2019-05-21,9.96,9.96,9.8,9.96,60413400,9.950423,10,GE,49.143373692296095,489.46800197526915
2019-05-22,9.95,10.12,9.88,9.9,51644100,9.89048,11,GE,49.143373692296095,486.5193995537314
2019-05-08,172,177.149994,171.520004,173.919998,10479200,173.72171,1,NVDA,2.880030272199678,500.8948591809074
2019-05-09,171.139999,171.529999,165.399994,170.190002,16506200,169.995972,2,NVDA,2.880030272199678,490.1523577857237
2019-05-10,168.949997,171.589996,164,168.820007,14237500,168.627533,3,NVDA,2.880030272199678,486.20673071296153
2019-05-13,163.5,164.429993,157.809998,158.449997,16422800,158.269348,4,NVDA,2.880030272199678,456.3407879899481
2019-05-14,160.050003,163.460007,158.490005,162.039993,13122000,161.855255,5,NVDA,2.880030272199678,466.68008514702393
2019-05-15,159.800003,161.050003,157.410004,159.580002,12558000,159.398056,6,NVDA,2.880030272199678,459.5952365976852
2019-05-16,159.360001,161.910004,157.649994,160.190002,19527200,160.00737,7,NVDA,2.880030272199678,461.35205506372694
2019-05-17,158.5,163.710007,154.940002,156.529999,25551700,156.351532,8,NVDA,2.880030272199678,450.81113562738534
2019-05-20,152.550003,154.770004,150.75,151.75,14301600,151.576981,9,NVDA,2.880030272199678,437.0445938063011
2019-05-21,154.199997,155.699997,152.639999,155.059998,9046200,154.883209,10,NVDA,2.880030272199678,446.57748824722154
2019-05-22,153.5,154.550003,151.759995,152.199997,8146700,152.026474,11,NVDA,2.880030272199678,438.34059878870016
2019-05-08,246.940002,250.600006,244.199997,244.839996,6176400,244.839996,1,TSLA,2.006014427821802,491.1525644838323
2019-05-09,242,243.679993,236.940002,241.979996,6711400,241.979996,2,TSLA,2.006014427821802,485.41536322026195
2019-05-10,239.75,241.990005,236.020004,239.520004,7008300,239.520004,3,TSLA,2.006014427821802,480.4805837759357
2019-05-13,232.009995,232.470001,224.5,227.009995,10834800,227.009995,4,TSLA,2.006014427821802,455.38532522975515
2019-05-14,229.300003,234.5,228,232.309998,7252400,232.309998,5,TSLA,2.006014427821802,466.01720771525396
2019-05-15,229.320007,232.440002,225.25,231.949997,7296000,231.949997,6,TSLA,2.006014427821802,465.29504051522366
2019-05-16,229.490005,231,226.5,228.330002,7483300,228.330002,7,TSLA,2.006014427821802,458.0332783165809
2019-05-17,221.960007,222.240005,208.919998,211.029999,17786700,211.029999,8,TSLA,2.006014427821802,423.3292226972205
2019-05-20,202.800003,206,195.25,205.360001,20526200,205.360001,9,TSLA,2.006014427821802,411.9551249034997
2019-05-21,197.759995,207.399994,196.039993,205.080002,18003900,205.080002,10,TSLA,2.006014427821802,411.393442869724
2019-05-22,199.100006,203.940002,191.779999,192.729996,18685200,192.729996,11,TSLA,2.006014427821802,386.6191526500382
2019-05-30,6.67,6.713,6.44,6.44,2589200,6.44,1,GPRO,65.54118695614542,422.0852439975766
2019-05-31,6.3,6.44,6.22,6.3,2973700,6.3,2,GPRO,65.54118695614542,412.90947782371614
2019-06-03,6.28,6.38,6.07,6.12,4549000,6.12,3,GPRO,65.54118695614542,401.11206417161003
2019-06-04,6.2,6.31,6.1,6.14,4756900,6.14,4,GPRO,65.54118695614542,402.42288791073287
2019-06-05,6.22,6.285,5.965,6.08,4234200,6.08,5,GPRO,65.54118695614542,398.4904166933642
2019-06-06,6.06,6.11,5.82,5.93,4272500,5.93,6,GPRO,65.54118695614542,388.6592386499423
2019-06-07,5.91,5.98,5.78,5.84,3475300,5.84,7,GPRO,65.54118695614542,382.76053182388927
2019-06-10,5.96,6.08,5.86,5.92,4366700,5.92,8,GPRO,65.54118695614542,388.0038267803809
2019-06-11,5.93,6.06,5.86,6.02,2796700,6.02,9,GPRO,65.54118695614542,394.55794547599544
2019-06-12,6,6.03,5.91,6,1869500,6,10,GPRO,65.54118695614542,393.24712173687254
2019-06-13,6.03,6.15,5.87,5.88,2951500,5.88,11,GPRO,65.54118695614542,385.38217930213506
2019-05-30,188.75,192.259995,187.020004,188.220001,7926500,188.220001,1,TSLA,2.316077970847629,435.9321979890187
2019-05-31,185.100006,189.919998,184.100006,185.160004,10406700,185.160004,2,TSLA,2.316077970847629,428.84500634645883
2019-06-03,185.509995,186.679993,176.990005,178.970001,13064400,178.970001,3,TSLA,2.316077970847629,414.5084767586781
2019-06-04,181.100006,193.979996,179.610001,193.600006,13807500,193.600006,4,TSLA,2.316077970847629,448.3927090525688
2019-06-05,198.679993,201.279999,191.850006,196.589996,13510800,196.589996,5,TSLA,2.316077970847629,455.3177590246235
2019-06-06,204.440002,211,201.800003,205.949997,20242200,205.949997,6,TSLA,2.316077970847629,476.99625114783527
2019-06-07,205,210.839996,203.5,204.5,16003500,204.5,7,TSLA,2.316077970847629,473.6379450383401
2019-06-10,210.25,216.940002,209.009995,212.880005,10585000,212.880005,8,TSLA,2.316077970847629,493.0466900144331
2019-06-11,219.139999,220.899994,213.5,217.100006,11653500,217.100006,9,TSLA,2.316077970847629,502.8205413674881
2019-06-12,222.949997,223.380005,209,209.259995,15197500,209.259995,10,TSLA,2.316077970847629,484.662464599185
2019-06-13,210.380005,214.899994,207.509995,213.910004,8168300,213.910004,11,TSLA,2.316077970847629,495.43224800832814
2019-05-30,37,37.290001,36.599998,37.139999,7413100,37.139999,1,TWTR,11.815127486418648,438.81382303046115
2019-05-31,36.619999,36.959999,36.299999,36.439999,8556100,36.439999,2,TWTR,11.815127486418648,430.54323378996804
2019-06-03,36.450001,36.900002,34.040001,34.43,22217100,34.43,3,TWTR,11.815127486418648,406.79483935739404
2019-06-04,35.18,36.150002,34.970001,36.099998,15357100,36.099998,4,TWTR,11.815127486418648,426.5260786294582
2019-06-05,36.5,36.709999,35.950001,36.330002,12798700,36.330002,5,TWTR,11.815127486418648,429.24360521184445
2019-06-06,36.259998,36.75,35.959999,36.59,8863000,36.59,6,TWTR,11.815127486418648,432.31551472805836
2019-06-07,36.869999,38.310001,36.799999,37.93,15399700,37.93,7,TWTR,11.815127486418648,448.1477855598593
2019-06-10,38.349998,38.639999,37.619999,37.639999,10036400,37.639999,8,TWTR,11.815127486418648,444.7213867736705
2019-06-11,38.09,38.259998,36.849998,37.209999,9528600,37.209999,9,TWTR,11.815127486418648,439.64088195451046
2019-06-12,37.130001,37.619999,37.049999,37.490002,6795500,37.490002,10,TWTR,11.815127486418648,442.9491530960901
2019-06-13,37.040001,37.040001,35.759998,36.34,21679400,36.34,11,TWTR,11.815127486418648,429.3617328564537
2019-06-20,10.47,10.7,10.47,10.63,65961500,10.619779,1,GE,41.712071320182005,443.39931813353473
2019-06-21,10.67,10.71,10.45,10.48,65576000,10.469923,2,GE,41.712071320182005,437.1425074355074
2019-06-24,10.46,10.53,10.27,10.28,36598800,10.270115,3,GE,41.712071320182005,428.80009317147096
2019-06-25,10.26,10.28,10.1,10.22,35496200,10.210174,4,GE,41.712071320182005,426.2973688922601
2019-06-26,10.22,10.39,10.2,10.27,34128000,10.260125,5,GE,41.712071320182005,428.3829724582692
2019-06-27,10.24,10.44,10.24,10.4,33283300,10.389999,6,GE,41.712071320182005,433.80554172989287
2019-06-28,10.39,10.5,10.37,10.5,44020400,10.5,7,GE,41.712071320182005,437.97674886191106
2019-07-01,10.62,10.72,10.53,10.63,40007700,10.63,8,GE,41.712071320182005,443.39931813353473
2019-07-02,10.63,10.72,10.57,10.62,30121700,10.62,9,GE,41.712071320182005,442.98219742033285
2019-07-03,10.66,10.66,10.54,10.61,22175600,10.61,10,GE,41.712071320182005,442.565076707131
2019-06-20,6.02,6.05,5.79,5.85,3146500,5.85,1,GPRO,72.54574530270857,424.3926100208451
2019-06-21,5.83,5.9,5.75,5.85,1993800,5.85,2,GPRO,72.54574530270857,424.3926100208451
2019-06-24,5.85,5.9,5.62,5.72,3129200,5.72,3,GPRO,72.54574530270857,414.96166313149297
2019-06-25,5.75,5.865,5.64,5.67,2577400,5.67,4,GPRO,72.54574530270857,411.33437586635756
2019-06-26,5.72,5.8,5.61,5.62,2538500,5.62,5,GPRO,72.54574530270857,407.70708860122215
2019-06-27,5.67,5.67,5.5,5.52,3596700,5.52,6,GPRO,72.54574530270857,400.4525140709513
2019-06-28,5.52,5.595,5.43,5.46,5647600,5.46,7,GPRO,72.54574530270857,396.09976935278877
2019-07-01,5.51,5.53,5.22,5.38,5521500,5.38,8,GPRO,72.54574530270857,390.2961097285721
2019-07-02,5.36,5.44,5.3,5.38,2614300,5.38,9,GPRO,72.54574530270857,390.2961097285721
2019-07-03,5.39,5.58,5.38,5.44,1999600,5.44,10,GPRO,72.54574530270857,394.6488544467346
2019-06-20,223,226.899994,216.350006,219.619995,11863500,219.619995,1,TSLA,1.9584098059296215,430.1059517862144
2019-06-21,216.220001,222.179993,215.5,221.860001,8202100,221.860001,2,TSLA,1.9584098059296215,434.4928015019557
2019-06-24,223.240005,225.860001,221.020004,223.639999,5750800,223.639999,3,TSLA,1.9584098059296215,437.97876703969075
2019-06-25,224.389999,225.339996,219.490005,219.759995,6182100,219.759995,4,TSLA,1.9584098059296215,430.3801291590446
2019-06-26,220.309998,227.229996,218.100006,219.270004,8507200,219.270004,5,TSLA,1.9584098059296215,429.42052597982735
2019-06-27,219.449997,222.899994,217.350006,222.839996,6339700,222.839996,6,TSLA,1.9584098059296215,436.4120333197177
2019-06-28,220.990005,225.169998,220.800003,223.460007,6851400,223.460007,7,TSLA,1.9584098059296215,437.62626894190186
2019-07-01,230.210007,233.100006,226.279999,227.169998,8238000,227.169998,8,TSLA,1.9584098059296215,444.8919516962125
2019-07-02,228.889999,229.149994,222.220001,224.550003,9259000,224.550003,9,TSLA,1.9584098059296215,439.7609277967259
2019-07-03,239.389999,241.570007,234.509995,234.899994,14201100,234.899994,10,TSLA,1.9584098059296215,460.03045166240923
